TransactionID,CustomerID,ProductID,Date,Quantity,UnitPrice,TotalPrice
1,62,4,2025-06-01,2,65,130
2,112,4,2023-11-16,3,65,195
3,106,2,2024-06-25,3,41,123
4,220,3,2023-04-30,3,26,78
5,172,7,2025-06-15,1,58,58
6,34,2,2025-04-14,2,41,82
7,300,5,2024-09-28,2,46,92
8,67,7,2023-08-03,1,58,58
9,285,6,2023-05-03,1,28,28
10,112,7,2024-09-12,1,58,58
11,97,1,2025-03-27,3,41,123
12,203,6,2023-05-27,1,28,28
13,225,8,2025-03-28,1,33,33
14,37,7,2023-07-02,2,58,116
15,129,7,2024-09-07,1,58,58
16,88,7,2024-07-19,1,58,58
17,111,1,2025-05-07,2,41,82
18,87,2,2023-05-06,2,41,82
19,263,3,2023-01-25,1,26,26
20,35,6,2025-05-22,1,28,28
21,93,2,2025-05-10,2,41,82
22,176,3,2024-06-06,2,26,52
23,223,6,2023-11-05,1,28,28
24,140,1,2023-01-16,2,41,82
25,199,1,2023-01-01,2,41,82
26,281,2,2025-03-20,2,41,82
27,35,6,2024-11-17,1,28,28
28,106,2,2023-11-22,2,41,82
29,58,3,2024-06-06,2,26,52
30,77,7,2025-04-14,1,58,58
31,275,7,2023-05-28,2,58,116
32,290,6,2024-07-11,3,28,84
33,81,2,2025-05-31,2,41,82
34,118,1,2024-04-17,3,41,123
35,185,3,2023-12-13,3,26,78
36,224,4,2024-07-10,2,65,130
37,154,7,2025-02-10,3,58,174
38,16,3,2024-09-02,1,26,26
39,126,4,2023-01-27,2,65,130
40,252,2,2024-01-13,3,41,123
41,187,4,2023-03-09,1,65,65
42,29,2,2024-03-31,1,41,41
43,1,2,2024-03-07,3,41,123
44,68,3,2024-09-20,2,26,52
45,33,1,2024-06-11,1,41,41
46,286,3,2025-05-27,1,26,26
47,64,3,2024-03-23,1,26,26
48,257,8,2024-03-31,1,33,33
49,41,6,2023-11-06,1,28,28
50,246,1,2024-03-10,2,41,82
51,92,1,2025-01-13,1,41,41
52,144,6,2023-03-29,3,28,84
53,182,1,2025-04-13,2,41,82
54,225,8,2023-10-28,1,33,33
55,127,1,2023-05-24,3,41,123
56,170,2,2023-10-06,1,41,41
57,15,8,2023-09-20,3,33,99
58,105,5,2024-12-11,3,46,138
59,52,3,2024-06-11,1,26,26
60,222,6,2024-06-06,3,28,84
61,107,7,2024-11-05,3,58,174
62,1,3,2025-06-23,3,26,78
63,80,7,2024-07-25,1,58,58
64,67,1,2023-11-02,3,41,123
65,96,5,2024-01-14,1,46,46
66,292,7,2024-07-11,2,58,116
67,247,8,2025-04-05,3,33,99
68,122,1,2023-07-03,1,41,41
69,256,3,2024-05-14,2,26,52
70,125,5,2024-01-09,1,46,46
71,102,1,2024-01-31,1,41,41
72,102,4,2023-04-14,1,65,65
73,139,7,2025-04-21,1,58,58
74,152,2,2023-10-22,2,41,82
75,244,6,2023-04-12,1,28,28
76,29,5,2023-03-22,3,46,138
77,140,8,2023-02-02,2,33,66
78,204,4,2023-06-02,2,65,130
79,72,5,2025-04-02,3,46,138
80,147,8,2024-06-19,3,33,99
81,215,5,2024-10-12,1,46,46
82,70,8,2024-04-25,1,33,33
83,240,3,2024-08-29,1,26,26
84,9,1,2023-04-28,3,41,123
85,127,5,2025-04-26,2,46,92
86,219,3,2023-04-27,1,26,26
87,260,7,2024-04-25,3,58,174
88,184,8,2023-04-26,1,33,33
89,114,1,2025-05-10,1,41,41
90,199,1,2023-05-17,1,41,41
91,98,1,2025-01-21,3,41,123
92,95,4,2023-06-23,1,65,65
93,86,5,2023-01-20,2,46,92
94,220,7,2023-09-11,3,58,174
95,160,7,2023-10-17,3,58,174
96,51,2,2023-08-07,1,41,41
97,48,7,2025-01-30,1,58,58
98,48,6,2024-01-19,3,28,84
99,296,2,2024-11-14,1,41,41
100,51,7,2023-06-18,3,58,174
101,140,4,2024-01-16,1,65,65
102,266,6,2024-03-25,1,28,28
103,268,8,2023-10-01,2,33,66
104,226,5,2023-06-10,3,46,138
105,116,5,2023-04-11,3,46,138
106,76,1,2025-06-24,2,41,82
107,48,7,2025-03-19,2,58,116
108,161,7,2024-04-01,3,58,174
109,87,4,2023-06-25,1,65,65
110,153,7,2024-11-16,2,58,116
111,13,7,2025-06-17,1,58,58
112,95,7,2024-08-13,1,58,58
113,197,6,2024-12-24,3,28,84
114,37,8,2025-05-01,3,33,99
115,204,2,2023-12-14,1,41,41
116,192,8,2025-01-10,2,33,66
117,132,8,2023-10-09,1,33,33
118,278,3,2023-09-13,3,26,78
119,169,4,2023-11-07,1,65,65
120,27,7,2023-03-14,1,58,58
121,121,7,2023-03-23,1,58,58
122,178,3,2023-07-03,2,26,52
123,66,1,2024-04-15,1,41,41
124,247,8,2025-05-18,3,33,99
125,278,4,2023-01-03,2,65,130
126,26,3,2023-01-16,2,26,52
127,275,1,2023-05-05,2,41,82
128,3,7,2024-09-17,2,58,116
129,124,3,2023-01-20,2,26,52
130,151,4,2024-01-18,3,65,195
131,208,3,2024-01-29,2,26,52
132,94,7,2024-03-16,3,58,174
133,246,2,2024-09-20,2,41,82
134,210,4,2024-01-15,3,65,195
135,43,6,2023-04-24,2,28,56
136,156,3,2023-04-29,3,26,78
137,178,7,2023-03-05,3,58,174
138,44,3,2024-05-26,2,26,52
139,7,2,2024-02-10,1,41,41
140,288,5,2023-04-14,2,46,92
141,142,5,2023-05-07,2,46,92
142,297,2,2024-02-14,1,41,41
143,17,6,2023-02-01,2,28,56
144,152,1,2025-05-30,1,41,41
145,233,5,2024-08-02,2,46,92
146,159,6,2023-08-07,2,28,56
147,265,8,2025-05-30,3,33,99
148,257,1,2024-08-31,3,41,123
149,32,8,2023-03-19,2,33,66
150,89,3,2025-04-17,2,26,52
151,173,4,2025-04-04,2,65,130
152,90,3,2023-07-13,3,26,78
153,69,7,2024-04-11,3,58,174
154,5,3,2023-06-08,1,26,26
155,216,4,2024-04-05,2,65,130
156,249,2,2025-05-02,2,41,82
157,17,6,2024-12-16,3,28,84
158,178,3,2024-05-14,2,26,52
159,39,5,2023-08-06,1,46,46
160,172,7,2025-02-02,3,58,174
161,192,3,2024-08-10,2,26,52
162,194,7,2023-01-31,1,58,58
163,287,7,2024-11-11,1,58,58
164,135,3,2024-02-11,3,26,78
165,221,6,2023-10-07,1,28,28
166,58,4,2023-07-04,3,65,195
167,287,1,2023-02-23,2,41,82
168,224,4,2023-07-26,2,65,130
169,188,7,2023-09-22,1,58,58
170,243,6,2024-07-17,2,28,56
171,143,1,2023-07-24,2,41,82
172,273,2,2025-03-15,2,41,82
173,254,5,2023-04-23,2,46,92
174,195,1,2025-06-15,3,41,123
175,2,3,2023-01-20,1,26,26
176,290,5,2024-05-29,3,46,138
177,67,1,2024-08-12,1,41,41
178,281,4,2023-09-17,3,65,195
179,274,2,2023-07-28,1,41,41
180,62,3,2024-09-20,1,26,26
181,202,5,2023-12-20,3,46,138
182,180,3,2023-09-26,2,26,52
183,173,8,2024-05-08,2,33,66
184,281,8,2025-02-28,1,33,33
185,290,3,2024-06-29,2,26,52
186,253,5,2024-02-08,3,46,138
187,213,1,2024-05-27,1,41,41
188,276,8,2023-02-08,2,33,66
189,68,2,2024-04-14,3,41,123
190,87,1,2023-12-17,1,41,41
191,158,4,2024-10-13,1,65,65
192,155,7,2025-04-12,1,58,58
193,73,4,2025-05-28,2,65,130
194,271,5,2025-06-05,3,46,138
195,94,6,2024-06-06,2,28,56
196,221,6,2024-06-17,2,28,56
197,131,2,2024-11-13,3,41,123
198,80,2,2024-08-10,1,41,41
199,208,1,2024-11-16,3,41,123
200,81,4,2024-11-09,3,65,195
201,240,1,2023-01-14,1,41,41
202,239,6,2024-11-26,1,28,28
203,294,7,2025-06-07,1,58,58
204,139,8,2023-11-16,2,33,66
205,65,2,2023-08-15,2,41,82
206,2,6,2023-08-18,3,28,84
207,23,2,2024-06-08,1,41,41
208,54,5,2024-05-26,3,46,138
209,65,2,2024-10-24,2,41,82
210,84,2,2023-06-04,3,41,123
211,237,6,2024-05-06,2,28,56
212,234,4,2023-09-05,2,65,130
213,182,7,2025-01-05,2,58,116
214,186,7,2023-10-06,3,58,174
215,240,3,2023-01-31,1,26,26
216,279,2,2023-09-07,1,41,41
217,98,5,2023-07-28,3,46,138
218,108,7,2024-06-22,2,58,116
219,35,5,2023-12-23,3,46,138
220,167,1,2025-01-01,3,41,123
221,196,4,2025-05-25,2,65,130
222,33,5,2024-01-12,1,46,46
223,182,3,2024-02-25,2,26,52
224,154,1,2023-01-21,2,41,82
225,50,4,2023-12-23,2,65,130
226,30,7,2025-06-08,2,58,116
227,115,3,2023-08-07,1,26,26
228,48,7,2024-01-24,3,58,174
229,149,3,2024-04-07,1,26,26
230,237,1,2023-07-15,1,41,41
231,183,5,2024-10-01,1,46,46
232,206,1,2025-04-28,3,41,123
233,296,2,2024-02-09,2,41,82
234,173,4,2025-01-09,1,65,65
235,32,6,2023-10-13,3,28,84
236,179,4,2023-02-08,2,65,130
237,268,2,2023-10-22,3,41,123
238,142,2,2023-10-29,3,41,123
239,220,6,2024-03-08,2,28,56
240,103,7,2024-03-10,3,58,174
241,296,1,2023-04-12,1,41,41
242,121,2,2024-01-30,2,41,82
243,16,6,2024-03-29,3,28,84
244,104,7,2023-01-20,2,58,116
245,159,3,2024-05-22,1,26,26
246,42,3,2023-06-12,3,26,78
247,65,2,2024-02-19,2,41,82
248,52,6,2023-06-19,2,28,56
249,12,5,2025-01-13,2,46,92
250,212,5,2025-05-09,1,46,46
251,20,2,2023-03-16,3,41,123
252,89,1,2025-01-11,2,41,82
253,59,4,2023-01-13,1,65,65
254,40,6,2023-06-18,2,28,56
255,44,5,2023-01-17,2,46,92
256,193,8,2025-02-02,2,33,66
257,45,1,2023-10-24,3,41,123
258,173,1,2024-12-27,1,41,41
259,120,3,2024-01-11,3,26,78
260,100,1,2023-01-24,1,41,41
261,214,8,2024-08-14,1,33,33
262,20,5,2024-10-26,3,46,138
263,162,1,2024-05-08,1,41,41
264,34,6,2025-04-14,1,28,28
265,53,2,2024-09-28,2,41,82
266,212,7,2023-02-13,2,58,116
267,197,6,2024-10-21,2,28,56
268,156,1,2023-11-17,2,41,82
269,284,3,2023-04-04,1,26,26
270,265,7,2025-05-14,1,58,58
271,268,4,2023-04-02,1,65,65
272,172,6,2023-06-04,1,28,28
273,45,5,2023-04-10,3,46,138
274,159,6,2024-08-07,3,28,84
275,244,6,2025-04-20,3,28,84
276,272,1,2025-03-05,3,41,123
277,132,1,2023-06-17,1,41,41
278,35,5,2024-07-30,3,46,138
279,159,8,2025-06-08,3,33,99
280,40,2,2024-09-21,1,41,41
281,52,4,2023-07-27,1,65,65
282,4,3,2024-11-28,2,26,52
283,48,6,2025-01-19,3,28,84
284,241,4,2025-06-20,1,65,65
285,2,8,2025-05-04,3,33,99
286,293,5,2024-12-28,3,46,138
287,167,5,2025-02-06,2,46,92
288,4,8,2023-03-19,3,33,99
289,276,3,2023-12-28,2,26,52
290,208,7,2023-01-11,2,58,116
291,7,8,2024-03-30,3,33,99
292,249,7,2024-07-04,3,58,174
293,213,6,2024-07-16,1,28,28
294,213,8,2025-05-12,2,33,66
295,19,5,2023-08-10,3,46,138
296,18,1,2025-06-07,2,41,82
297,274,3,2023-07-23,1,26,26
298,144,5,2023-12-24,2,46,92
299,41,2,2025-04-18,1,41,41
300,151,4,2023-11-20,2,65,130
301,90,3,2025-01-20,3,26,78
302,175,2,2025-03-16,3,41,123
303,1,5,2024-04-23,2,46,92
304,76,6,2023-07-05,2,28,56
305,90,4,2023-06-03,3,65,195
306,184,8,2023-10-07,3,33,99
307,16,2,2023-12-05,1,41,41
308,170,1,2025-02-03,2,41,82
309,125,6,2024-03-13,2,28,56
310,119,6,2024-04-07,3,28,84
311,118,5,2023-04-01,3,46,138
312,184,4,2023-03-24,2,65,130
313,193,7,2025-04-07,3,58,174
314,134,8,2025-06-14,3,33,99
315,218,3,2024-12-12,1,26,26
316,193,4,2023-08-29,2,65,130
317,227,2,2024-04-18,3,41,123
318,47,7,2024-10-26,1,58,58
319,77,3,2024-02-06,2,26,52
320,158,3,2024-01-16,1,26,26
321,286,8,2023-01-03,1,33,33
322,18,4,2024-10-09,2,65,130
323,220,7,2025-06-12,3,58,174
324,193,6,2024-12-30,1,28,28
325,298,4,2024-05-10,2,65,130
326,180,2,2025-04-10,2,41,82
327,93,3,2025-04-24,1,26,26
328,75,7,2024-04-23,3,58,174
329,167,3,2023-05-09,2,26,52
330,204,8,2025-04-20,3,33,99
331,37,6,2023-01-28,1,28,28
332,243,2,2024-07-22,3,41,123
333,279,7,2024-06-29,3,58,174
334,63,2,2023-04-02,1,41,41
335,155,6,2023-03-13,3,28,84
336,177,3,2024-09-23,3,26,78
337,3,8,2023-09-16,3,33,99
338,161,2,2024-02-26,2,41,82
339,10,4,2025-01-27,1,65,65
340,199,8,2023-02-11,3,33,99
341,284,8,2023-08-15,2,33,66
342,292,8,2023-07-01,1,33,33
343,257,7,2023-07-19,3,58,174
344,170,6,2025-01-03,3,28,84
345,92,7,2024-09-10,2,58,116
346,66,1,2025-06-21,3,41,123
347,147,6,2024-03-22,1,28,28
348,194,4,2023-07-06,3,65,195
349,193,6,2023-06-22,1,28,28
350,110,2,2024-10-05,2,41,82
351,206,4,2024-02-24,3,65,195
352,135,1,2025-06-28,1,41,41
353,203,1,2025-06-19,2,41,82
354,209,3,2024-12-04,3,26,78
355,122,5,2025-06-23,2,46,92
356,250,1,2025-06-23,2,41,82
357,208,6,2024-03-10,3,28,84
358,86,3,2024-01-28,3,26,78
359,266,6,2023-11-26,3,28,84
360,59,3,2024-07-19,1,26,26
361,39,1,2024-09-17,3,41,123
362,4,1,2023-04-18,1,41,41
363,273,8,2023-07-29,1,33,33
364,47,7,2023-09-22,3,58,174
365,73,8,2023-04-02,1,33,33
366,77,4,2023-05-01,3,65,195
367,76,2,2023-02-25,2,41,82
368,46,6,2023-03-07,2,28,56
369,135,1,2023-07-21,3,41,123
370,177,2,2023-04-13,2,41,82
371,101,3,2023-06-04,2,26,52
372,77,4,2024-02-13,2,65,130
373,83,5,2024-09-13,1,46,46
374,72,4,2023-04-29,2,65,130
375,65,6,2025-01-05,1,28,28
376,127,5,2024-06-05,3,46,138
377,154,7,2023-06-23,2,58,116
378,291,8,2024-01-31,1,33,33
379,193,8,2025-04-25,2,33,66
380,134,7,2023-02-09,1,58,58
381,276,3,2023-01-06,1,26,26
382,289,7,2024-12-09,2,58,116
383,110,3,2025-04-30,3,26,78
384,57,1,2023-02-03,1,41,41
385,25,7,2024-05-08,3,58,174
386,144,1,2023-10-03,3,41,123
387,123,4,2023-07-11,3,65,195
388,171,3,2023-07-13,2,26,52
389,276,7,2023-06-16,1,58,58
390,83,6,2023-02-04,2,28,56
391,97,6,2023-01-29,2,28,56
392,134,2,2023-09-30,1,41,41
393,2,3,2024-09-11,3,26,78
394,167,8,2024-01-13,2,33,66
395,41,7,2023-11-21,1,58,58
396,42,6,2024-02-28,3,28,84
397,60,4,2025-03-01,2,65,130
398,166,3,2023-01-23,2,26,52
399,31,8,2025-03-30,1,33,33
400,21,3,2025-04-26,2,26,52
401,274,3,2024-12-26,1,26,26
402,110,2,2023-04-19,2,41,82
403,181,8,2025-06-04,2,33,66
404,37,7,2024-11-02,2,58,116
405,9,5,2023-09-29,3,46,138
406,299,8,2024-03-02,1,33,33
407,63,1,2023-07-26,2,41,82
408,171,2,2025-02-07,2,41,82
409,290,1,2025-03-03,1,41,41
410,1,1,2024-12-21,1,41,41
411,173,4,2024-11-28,2,65,130
412,255,5,2024-01-13,2,46,92
413,24,8,2024-05-11,1,33,33
414,75,3,2024-06-20,3,26,78
415,268,3,2023-11-13,2,26,52
416,173,1,2024-02-28,2,41,82
417,260,5,2023-01-22,2,46,92
418,184,1,2024-07-10,1,41,41
419,207,6,2024-02-05,2,28,56
420,247,3,2025-04-12,1,26,26
421,142,1,2025-02-19,2,41,82
422,43,5,2023-06-17,2,46,92
423,281,8,2023-01-28,1,33,33
424,243,6,2023-07-20,3,28,84
425,162,4,2023-06-18,1,65,65
426,171,8,2025-01-24,2,33,66
427,79,6,2023-04-15,2,28,56
428,78,2,2023-09-26,2,41,82
429,6,3,2024-08-21,1,26,26
430,101,7,2024-03-10,2,58,116
431,193,5,2023-10-04,2,46,92
432,291,7,2024-05-04,3,58,174
433,243,4,2024-12-01,2,65,130
434,154,6,2023-10-19,2,28,56
435,208,8,2023-01-24,3,33,99
436,24,4,2023-11-17,1,65,65
437,56,5,2025-06-27,1,46,46
438,271,6,2025-05-10,2,28,56
439,195,6,2023-03-15,3,28,84
440,273,1,2024-10-18,1,41,41
441,232,6,2024-02-14,2,28,56
442,272,7,2024-04-24,3,58,174
443,227,8,2024-04-09,2,33,66
444,21,6,2025-06-24,2,28,56
445,77,4,2023-05-16,2,65,130
446,119,8,2023-01-28,1,33,33
447,67,2,2024-02-22,3,41,123
448,99,4,2023-11-19,2,65,130
449,52,2,2025-01-17,3,41,123
450,242,5,2024-11-18,3,46,138
451,134,7,2024-06-15,2,58,116
452,240,8,2024-07-14,3,33,99
453,274,2,2023-08-04,2,41,82
454,14,8,2023-08-29,2,33,66
455,269,5,2025-03-09,2,46,92
456,129,6,2023-01-13,2,28,56
457,83,3,2023-11-05,1,26,26
458,189,2,2025-02-15,2,41,82
459,108,3,2023-01-11,3,26,78
460,140,5,2023-12-10,3,46,138
461,282,8,2024-08-02,1,33,33
462,20,4,2023-12-13,1,65,65
463,231,3,2024-01-21,1,26,26
464,106,3,2023-03-20,3,26,78
465,268,1,2024-11-02,1,41,41
466,48,3,2024-02-08,2,26,52
467,152,2,2025-06-23,3,41,123
468,85,4,2024-05-16,1,65,65
469,15,5,2023-01-15,1,46,46
470,103,1,2025-04-28,1,41,41
471,288,1,2024-08-20,2,41,82
472,137,1,2023-12-11,1,41,41
473,94,4,2023-12-24,1,65,65
474,48,8,2025-05-18,3,33,99
475,247,4,2025-04-21,3,65,195
476,144,5,2024-07-24,3,46,138
477,247,6,2024-07-05,1,28,28
478,8,8,2024-11-16,3,33,99
479,124,3,2023-02-07,2,26,52
480,140,4,2024-03-27,1,65,65
481,32,8,2024-03-27,1,33,33
482,182,5,2025-05-29,3,46,138
483,99,2,2025-02-03,2,41,82
484,136,6,2025-02-02,3,28,84
485,293,1,2024-05-01,2,41,82
486,76,4,2023-06-22,2,65,130
487,83,7,2023-11-27,2,58,116
488,217,6,2023-09-13,2,28,56
489,104,5,2024-09-22,1,46,46
490,113,1,2023-08-25,3,41,123
491,261,8,2023-10-31,3,33,99
492,184,4,2023-07-22,2,65,130
493,250,4,2024-01-26,3,65,195
494,101,1,2024-07-28,1,41,41
495,131,3,2023-08-20,2,26,52
496,285,7,2023-10-07,2,58,116
497,113,1,2024-11-25,1,41,41
498,240,2,2024-05-01,2,41,82
499,200,8,2024-07-28,3,33,99
500,157,4,2023-06-13,3,65,195
501,20,4,2024-12-27,1,65,65
502,142,2,2023-08-27,1,41,41
503,30,8,2023-12-17,3,33,99
504,71,6,2024-01-11,2,28,56
505,99,2,2023-11-02,1,41,41
506,36,5,2024-04-25,3,46,138
507,16,3,2023-01-18,1,26,26
508,151,6,2024-12-09,3,28,84
509,95,4,2025-02-21,3,65,195
510,289,5,2023-01-03,2,46,92
511,124,8,2024-08-27,3,33,99
512,259,7,2025-04-30,1,58,58
513,299,1,2024-07-03,2,41,82
514,139,8,2023-06-06,1,33,33
515,141,5,2024-11-10,1,46,46
516,234,5,2023-12-22,1,46,46
517,240,7,2024-10-31,3,58,174
518,1,2,2024-01-24,1,41,41
519,72,7,2023-07-31,1,58,58
520,140,2,2024-09-13,3,41,123
521,274,3,2023-11-12,3,26,78
522,5,8,2024-11-19,2,33,66
523,96,2,2024-01-25,3,41,123
524,136,8,2024-06-12,2,33,66
525,53,8,2024-10-22,3,33,99
526,62,4,2023-03-23,3,65,195
527,214,2,2023-10-13,3,41,123
528,123,2,2024-09-16,2,41,82
529,164,3,2024-05-24,2,26,52
530,273,5,2025-04-30,2,46,92
531,175,8,2024-09-14,2,33,66
532,172,3,2024-04-24,2,26,52
533,41,3,2025-05-27,1,26,26
534,257,1,2023-02-25,1,41,41
535,170,5,2023-04-29,2,46,92
536,19,3,2025-04-18,1,26,26
537,167,4,2023-08-28,1,65,65
538,34,6,2025-01-06,3,28,84
539,31,7,2025-01-05,3,58,174
540,64,7,2024-01-19,1,58,58
541,220,3,2025-02-13,3,26,78
542,89,1,2023-12-23,1,41,41
543,3,5,2023-01-30,2,46,92
544,54,7,2024-09-09,2,58,116
545,29,3,2023-04-07,2,26,52
546,134,7,2024-07-05,2,58,116
547,52,4,2024-02-03,1,65,65
548,22,1,2025-03-31,2,41,82
549,238,6,2023-08-31,3,28,84
550,21,6,2025-05-03,1,28,28
551,227,6,2023-02-27,2,28,56
552,230,8,2024-07-21,1,33,33
553,98,4,2023-10-18,2,65,130
554,44,4,2025-01-23,2,65,130
555,244,8,2024-03-05,3,33,99
556,90,8,2023-02-20,3,33,99
557,166,2,2025-06-05,3,41,123
558,141,1,2023-01-03,2,41,82
559,190,1,2023-02-07,2,41,82
560,90,5,2024-10-26,3,46,138
561,101,2,2025-06-16,2,41,82
562,201,5,2023-02-06,2,46,92
563,10,4,2023-03-24,1,65,65
564,231,7,2024-12-17,1,58,58
565,264,1,2024-12-29,2,41,82
566,256,4,2024-07-05,1,65,65
567,25,8,2024-05-19,2,33,66
568,169,7,2024-05-26,1,58,58
569,8,1,2023-09-13,2,41,82
570,80,6,2025-03-28,2,28,56
571,179,4,2025-04-28,3,65,195
572,201,4,2025-05-30,1,65,65
573,31,6,2023-10-18,3,28,84
574,183,8,2025-05-13,2,33,66
575,248,6,2024-08-09,3,28,84
576,95,6,2024-10-14,3,28,84
577,48,8,2024-02-21,2,33,66
578,154,4,2023-04-18,2,65,130
579,255,6,2024-11-01,3,28,84
580,113,6,2023-09-06,3,28,84
581,237,2,2025-05-30,1,41,41
582,60,7,2025-06-30,3,58,174
583,165,6,2023-09-05,2,28,56
584,15,3,2025-03-18,1,26,26
585,291,2,2025-03-29,3,41,123
586,136,2,2023-11-20,2,41,82
587,151,2,2023-06-16,1,41,41
588,42,6,2024-12-08,3,28,84
589,189,2,2024-03-03,3,41,123
590,217,5,2023-03-31,3,46,138
591,240,5,2023-04-30,1,46,46
592,143,3,2023-02-14,2,26,52
593,215,3,2023-08-15,1,26,26
594,227,5,2023-10-25,2,46,92
595,168,8,2024-10-23,1,33,33
596,122,8,2024-08-17,2,33,66
597,126,1,2025-01-04,2,41,82
598,271,7,2023-08-12,2,58,116
599,168,5,2024-07-26,1,46,46
600,298,5,2025-03-06,1,46,46
601,227,8,2023-10-15,1,33,33
602,294,2,2023-04-19,2,41,82
603,204,2,2024-08-25,1,41,41
604,72,8,2025-02-27,1,33,33
605,269,4,2024-05-06,3,65,195
606,270,4,2023-03-24,2,65,130
607,294,7,2024-10-18,2,58,116
608,147,7,2024-08-06,2,58,116
609,111,7,2025-05-20,3,58,174
610,12,6,2025-06-08,2,28,56
611,187,6,2025-02-14,3,28,84
612,167,6,2024-10-16,3,28,84
613,98,6,2024-08-08,2,28,56
614,283,5,2024-04-04,2,46,92
615,297,3,2023-05-08,1,26,26
616,10,6,2023-07-31,1,28,28
617,267,1,2023-04-27,3,41,123
618,137,4,2025-04-01,2,65,130
619,112,2,2024-04-06,1,41,41
620,182,7,2023-01-20,2,58,116
621,96,5,2024-03-30,1,46,46
622,85,1,2023-03-17,3,41,123
623,186,6,2024-01-10,3,28,84
624,269,7,2024-03-16,3,58,174
625,12,3,2023-09-18,1,26,26
626,50,1,2024-04-26,1,41,41
627,29,3,2025-02-10,1,26,26
628,163,3,2024-06-27,3,26,78
629,124,2,2024-12-23,2,41,82
630,181,1,2024-03-02,3,41,123
631,112,6,2024-07-05,2,28,56
632,154,4,2024-09-25,2,65,130
633,63,1,2025-04-21,3,41,123
634,94,8,2023-07-20,3,33,99
635,281,6,2023-05-22,2,28,56
636,261,1,2025-05-09,2,41,82
637,234,8,2024-05-21,3,33,99
638,279,2,2023-06-05,2,41,82
639,23,2,2024-01-21,2,41,82
640,108,7,2024-08-26,2,58,116
641,164,7,2023-12-17,3,58,174
642,148,2,2023-03-17,3,41,123
643,67,1,2024-12-17,1,41,41
644,141,8,2024-11-11,3,33,99
645,258,1,2023-06-16,1,41,41
646,245,4,2025-05-29,1,65,65
647,104,6,2023-06-27,2,28,56
648,254,7,2025-05-13,1,58,58
649,292,5,2024-07-17,3,46,138
650,284,8,2023-08-19,1,33,33
651,56,8,2023-10-16,3,33,99
652,13,3,2024-02-20,1,26,26
653,297,1,2024-03-11,1,41,41
654,295,2,2025-03-12,2,41,82
655,163,8,2023-10-24,3,33,99
656,251,5,2024-05-20,2,46,92
657,212,2,2023-04-15,3,41,123
658,252,8,2023-09-21,2,33,66
659,189,4,2024-07-16,3,65,195
660,51,6,2024-10-19,3,28,84
661,155,7,2024-10-11,1,58,58
662,185,1,2023-05-22,2,41,82
663,91,1,2024-05-22,2,41,82
664,146,6,2023-01-10,1,28,28
665,264,6,2025-06-24,2,28,56
666,259,6,2024-09-17,2,28,56
667,216,3,2023-11-12,3,26,78
668,208,4,2023-07-07,2,65,130
669,228,4,2025-05-28,2,65,130
670,174,1,2023-08-25,2,41,82
671,151,3,2025-03-03,1,26,26
672,92,5,2024-08-19,3,46,138
673,49,2,2025-03-24,1,41,41
674,243,6,2025-01-29,1,28,28
675,98,3,2025-04-25,2,26,52
676,86,8,2023-12-06,1,33,33
677,148,1,2025-01-27,1,41,41
678,292,5,2024-03-12,2,46,92
679,212,2,2023-10-28,1,41,41
680,78,7,2025-02-09,2,58,116
681,48,7,2025-01-27,2,58,116
682,87,6,2023-05-20,2,28,56
683,212,3,2024-03-25,3,26,78
684,62,4,2024-09-13,3,65,195
685,210,6,2023-04-29,1,28,28
686,254,6,2024-12-21,3,28,84
687,74,8,2023-01-27,2,33,66
688,296,4,2025-04-30,1,65,65
689,221,6,2024-04-10,3,28,84
690,120,2,2024-11-21,3,41,123
691,102,3,2023-04-24,2,26,52
692,30,4,2023-06-09,3,65,195
693,130,7,2024-12-26,2,58,116
694,110,1,2023-09-25,3,41,123
695,175,5,2023-04-15,1,46,46
696,131,5,2024-12-27,2,46,92
697,114,6,2023-03-02,2,28,56
698,18,2,2025-04-07,3,41,123
699,251,7,2023-05-13,2,58,116
700,138,4,2025-06-28,3,65,195
701,291,2,2024-03-17,1,41,41
702,213,1,2024-11-14,1,41,41
703,295,2,2025-04-28,3,41,123
704,42,6,2024-09-22,1,28,28
705,43,8,2025-03-16,1,33,33
706,25,5,2024-03-15,3,46,138
707,35,2,2024-01-31,1,41,41
708,12,5,2024-05-25,1,46,46
709,156,2,2023-07-15,3,41,123
710,277,1,2024-12-19,2,41,82
711,18,6,2023-07-11,3,28,84
712,291,3,2024-12-11,3,26,78
713,4,2,2023-04-17,1,41,41
714,108,5,2024-04-17,3,46,138
715,242,8,2024-03-26,2,33,66
716,154,2,2025-06-21,1,41,41
717,191,7,2024-07-18,1,58,58
718,272,5,2025-03-20,1,46,46
719,247,5,2023-05-11,3,46,138
720,250,5,2024-09-25,3,46,138
721,140,7,2024-08-17,3,58,174
722,63,6,2025-03-23,2,28,56
723,81,6,2024-11-19,1,28,28
724,236,7,2024-05-16,1,58,58
725,288,5,2023-08-19,2,46,92
726,166,6,2024-05-01,3,28,84
727,172,6,2023-10-05,3,28,84
728,86,2,2023-07-06,3,41,123
729,108,4,2025-05-28,2,65,130
730,78,2,2024-01-14,3,41,123
731,81,6,2025-01-14,1,28,28
732,41,7,2023-05-22,2,58,116
733,33,8,2024-03-31,2,33,66
734,96,5,2024-01-26,3,46,138
735,223,8,2023-04-26,2,33,66
736,185,6,2025-03-15,2,28,56
737,255,3,2024-05-16,3,26,78
738,213,4,2023-03-06,3,65,195
739,55,2,2024-07-08,1,41,41
740,88,8,2024-11-18,1,33,33
741,79,1,2025-06-11,1,41,41
742,128,3,2024-09-07,1,26,26
743,110,3,2025-03-14,1,26,26
744,29,4,2023-01-03,3,65,195
745,170,2,2023-11-11,2,41,82
746,6,3,2024-11-03,3,26,78
747,110,5,2023-09-12,2,46,92
748,196,5,2024-01-10,2,46,92
749,122,5,2024-12-09,2,46,92
750,254,4,2024-06-28,2,65,130
751,123,3,2025-02-11,2,26,52
752,176,4,2024-12-19,3,65,195
753,153,5,2025-02-28,2,46,92
754,11,4,2025-01-16,2,65,130
755,215,7,2023-09-08,3,58,174
756,89,3,2024-06-11,3,26,78
757,39,3,2024-04-03,3,26,78
758,40,3,2024-02-08,3,26,78
759,280,8,2023-07-07,1,33,33
760,256,1,2025-06-04,1,41,41
761,115,4,2025-06-29,3,65,195
762,201,6,2025-01-12,1,28,28
763,19,1,2024-09-10,2,41,82
764,224,6,2024-07-02,3,28,84
765,116,3,2023-11-25,1,26,26
766,216,6,2023-03-31,2,28,56
767,80,5,2024-06-05,3,46,138
768,48,7,2023-01-20,2,58,116
769,264,2,2023-03-19,1,41,41
770,18,2,2023-05-29,2,41,82
771,232,6,2023-06-01,3,28,84
772,239,6,2025-02-17,3,28,84
773,41,8,2023-02-15,3,33,99
774,1,4,2023-10-11,3,65,195
775,257,7,2023-08-11,1,58,58
776,67,3,2023-10-06,2,26,52
777,40,4,2023-09-09,1,65,65
778,202,6,2023-07-29,3,28,84
779,258,6,2024-09-18,1,28,28
780,85,2,2024-10-26,2,41,82
781,55,6,2024-10-27,3,28,84
782,189,8,2023-09-25,1,33,33
783,151,2,2023-11-15,3,41,123
784,31,5,2024-12-24,3,46,138
785,157,5,2025-02-15,1,46,46
786,116,7,2023-11-30,1,58,58
787,246,6,2024-06-01,3,28,84
788,63,7,2024-06-08,2,58,116
789,64,6,2023-02-22,1,28,28
790,24,2,2025-05-05,1,41,41
791,68,7,2023-08-01,2,58,116
792,31,3,2024-06-05,1,26,26
793,172,4,2025-05-10,1,65,65
794,150,2,2023-01-31,3,41,123
795,128,2,2023-04-05,2,41,82
796,142,3,2024-07-24,2,26,52
797,277,6,2024-09-11,1,28,28
798,127,3,2024-02-14,2,26,52
799,41,4,2024-01-25,3,65,195
800,87,3,2025-05-10,2,26,52
801,107,6,2024-03-31,1,28,28
802,138,7,2025-06-24,3,58,174
803,280,8,2025-06-02,3,33,99
804,165,3,2024-06-16,3,26,78
805,173,4,2024-05-27,3,65,195
806,200,6,2023-11-30,2,28,56
807,44,7,2024-09-28,2,58,116
808,223,4,2023-07-14,2,65,130
809,15,3,2023-05-08,1,26,26
810,106,1,2024-01-15,2,41,82
811,36,2,2024-03-06,3,41,123
812,128,5,2024-11-09,3,46,138
813,229,5,2024-05-31,1,46,46
814,187,2,2024-07-19,2,41,82
815,106,3,2024-07-08,3,26,78
816,236,2,2023-10-27,1,41,41
817,83,3,2024-04-19,3,26,78
818,40,7,2023-06-02,2,58,116
819,18,7,2023-07-19,3,58,174
820,181,5,2023-01-23,1,46,46
821,72,5,2025-04-02,2,46,92
822,271,3,2024-04-02,3,26,78
823,14,7,2024-06-18,3,58,174
824,71,3,2024-02-25,3,26,78
825,211,6,2024-07-13,1,28,28
826,109,2,2024-02-02,3,41,123
827,66,6,2023-08-30,3,28,84
828,254,2,2024-11-14,1,41,41
829,142,2,2023-01-10,2,41,82
830,161,2,2024-03-25,3,41,123
831,248,7,2023-10-12,2,58,116
832,135,7,2025-02-11,2,58,116
833,257,3,2024-12-07,2,26,52
834,2,2,2024-02-12,1,41,41
835,28,5,2024-07-19,2,46,92
836,4,5,2023-11-10,2,46,92
837,280,5,2023-07-28,3,46,138
838,79,3,2024-03-20,1,26,26
839,252,3,2024-05-16,1,26,26
840,142,1,2023-09-26,3,41,123
841,223,1,2023-12-07,2,41,82
842,251,8,2023-08-14,1,33,33
843,81,7,2023-03-01,2,58,116
844,74,5,2025-04-13,1,46,46
845,153,6,2023-05-01,3,28,84
846,278,7,2024-03-04,1,58,58
847,144,7,2024-09-10,3,58,174
848,162,1,2023-09-18,3,41,123
849,244,2,2023-01-02,2,41,82
850,16,6,2023-10-29,3,28,84
851,15,3,2024-08-14,1,26,26
852,213,2,2024-03-10,3,41,123
853,40,8,2023-08-11,2,33,66
854,116,8,2024-10-24,1,33,33
855,60,4,2024-12-08,2,65,130
856,222,7,2023-05-14,3,58,174
857,95,8,2023-02-25,3,33,99
858,41,1,2023-03-18,3,41,123
859,90,3,2023-11-14,1,26,26
860,187,5,2024-03-07,2,46,92
861,1,7,2023-09-25,3,58,174
862,117,4,2023-04-05,2,65,130
863,175,2,2024-01-05,1,41,41
864,118,7,2025-02-08,3,58,174
865,133,1,2023-02-13,1,41,41
866,271,4,2023-12-28,3,65,195
867,273,6,2025-04-27,3,28,84
868,112,3,2023-08-31,1,26,26
869,285,2,2024-05-15,2,41,82
870,21,1,2024-12-18,3,41,123
871,83,7,2023-12-28,2,58,116
872,47,6,2023-02-05,3,28,84
873,220,1,2023-05-12,1,41,41
874,62,1,2025-05-26,3,41,123
875,95,8,2024-12-15,3,33,99
876,118,5,2023-11-25,1,46,46
877,185,6,2023-10-24,1,28,28
878,176,6,2023-12-18,3,28,84
879,40,3,2024-10-10,1,26,26
880,288,6,2024-07-09,1,28,28
881,92,2,2024-01-24,1,41,41
882,57,2,2023-01-05,3,41,123
883,158,7,2025-01-31,3,58,174
884,1,4,2023-09-12,3,65,195
885,90,6,2025-01-21,3,28,84
886,238,4,2024-07-22,3,65,195
887,58,1,2023-10-11,1,41,41
888,187,5,2023-10-06,2,46,92
889,236,8,2024-09-09,3,33,99
890,179,6,2023-06-05,3,28,84
891,89,8,2025-01-28,2,33,66
892,14,7,2024-01-11,3,58,174
893,65,8,2024-12-07,1,33,33
894,263,1,2024-09-22,3,41,123
895,230,2,2025-06-23,3,41,123
896,225,4,2023-03-31,1,65,65
897,290,6,2024-06-11,2,28,56
898,229,3,2023-05-25,2,26,52
899,158,8,2023-08-16,2,33,66
900,224,1,2024-10-10,3,41,123
901,258,2,2024-12-17,1,41,41
902,102,5,2023-12-30,1,46,46
903,152,7,2025-06-21,1,58,58
904,81,7,2023-11-30,3,58,174
905,232,6,2024-06-28,3,28,84
906,247,8,2023-08-29,1,33,33
907,66,2,2024-04-09,1,41,41
908,232,1,2024-01-08,1,41,41
909,251,3,2025-01-23,1,26,26
910,289,1,2025-03-06,1,41,41
911,180,7,2024-09-25,3,58,174
912,140,2,2023-12-26,1,41,41
913,189,6,2025-06-27,3,28,84
914,244,4,2024-07-30,2,65,130
915,200,4,2024-12-13,3,65,195
916,177,3,2024-09-12,1,26,26
917,229,1,2023-12-15,1,41,41
918,92,7,2025-03-02,3,58,174
919,218,5,2024-06-14,3,46,138
920,19,5,2023-10-21,3,46,138
921,253,4,2025-04-26,2,65,130
922,33,6,2023-04-08,3,28,84
923,143,7,2024-09-21,3,58,174
924,142,8,2024-10-30,2,33,66
925,187,4,2023-06-18,3,65,195
926,187,1,2025-01-02,2,41,82
927,167,4,2025-01-05,3,65,195
928,286,1,2024-03-29,3,41,123
929,123,6,2024-10-17,2,28,56
930,196,7,2023-06-17,2,58,116
931,95,8,2023-09-03,2,33,66
932,163,8,2024-08-03,2,33,66
933,157,7,2023-04-23,1,58,58
934,282,4,2025-04-23,3,65,195
935,126,7,2023-08-27,2,58,116
936,160,6,2023-12-07,3,28,84
937,180,3,2023-12-05,3,26,78
938,116,5,2024-03-06,3,46,138
939,128,8,2024-12-01,1,33,33
940,183,7,2024-05-09,3,58,174
941,246,4,2023-04-23,3,65,195
942,205,8,2023-08-15,1,33,33
943,268,3,2023-05-17,3,26,78
944,263,8,2023-11-13,2,33,66
945,286,7,2024-01-28,1,58,58
946,207,6,2023-05-25,1,28,28
947,46,7,2025-03-28,2,58,116
948,148,7,2023-11-08,3,58,174
949,215,4,2024-05-31,3,65,195
950,274,7,2024-01-17,1,58,58
951,254,6,2024-04-25,3,28,84
952,172,5,2024-10-21,3,46,138
953,259,8,2024-12-11,3,33,99
954,296,3,2025-06-30,3,26,78
955,69,4,2023-03-13,1,65,65
956,108,7,2024-12-09,1,58,58
957,100,8,2025-02-02,2,33,66
958,212,5,2024-04-12,3,46,138
959,235,2,2024-12-26,3,41,123
960,190,3,2024-11-22,2,26,52
961,45,6,2023-05-27,1,28,28
962,272,4,2025-01-08,2,65,130
963,6,6,2025-02-10,1,28,28
964,120,4,2023-07-26,2,65,130
965,174,6,2024-09-19,2,28,56
966,46,5,2023-10-01,2,46,92
967,203,6,2024-11-01,1,28,28
968,28,3,2024-07-06,3,26,78
969,37,4,2024-08-15,2,65,130
970,62,6,2024-10-29,3,28,84
971,279,4,2025-05-14,2,65,130
972,205,4,2025-06-16,3,65,195
973,103,8,2025-02-06,1,33,33
974,96,8,2023-10-28,2,33,66
975,260,8,2025-02-22,1,33,33
976,255,3,2025-03-12,1,26,26
977,33,2,2024-05-24,3,41,123
978,68,3,2024-12-04,1,26,26
979,284,2,2024-04-17,3,41,123
980,289,6,2023-04-27,1,28,28
981,250,8,2023-05-05,3,33,99
982,50,1,2023-11-11,1,41,41
983,43,7,2023-09-11,3,58,174
984,237,4,2024-01-04,2,65,130
985,151,8,2024-02-03,1,33,33
986,282,7,2023-06-13,3,58,174
987,244,8,2024-04-07,1,33,33
988,63,4,2023-02-12,2,65,130
989,247,2,2024-02-13,3,41,123
990,126,6,2023-12-26,2,28,56
991,239,3,2023-05-14,2,26,52
992,4,7,2024-08-16,3,58,174
993,35,1,2025-01-15,3,41,123
994,275,2,2023-11-17,2,41,82
995,240,1,2023-10-05,3,41,123
996,9,1,2023-09-29,2,41,82
997,180,5,2024-02-28,2,46,92
998,165,8,2023-07-13,3,33,99
999,154,5,2023-03-02,1,46,46
1000,220,4,2024-09-06,3,65,195
1001,268,2,2023-05-07,2,41,82
1002,134,2,2024-12-03,2,41,82
1003,202,7,2023-12-24,2,58,116
1004,175,4,2023-09-13,1,65,65
1005,229,1,2023-01-25,3,41,123
1006,128,5,2023-04-26,3,46,138
1007,154,3,2023-06-23,1,26,26
1008,81,1,2023-04-19,2,41,82
1009,76,5,2023-01-13,2,46,92
1010,89,5,2024-04-10,2,46,92
1011,29,5,2024-08-20,2,46,92
1012,85,6,2023-04-25,3,28,84
1013,237,2,2024-01-22,1,41,41
1014,186,8,2024-10-24,3,33,99
1015,68,3,2024-02-10,2,26,52
1016,258,7,2025-02-22,3,58,174
1017,169,8,2024-10-26,2,33,66
1018,143,7,2024-07-05,3,58,174
1019,114,5,2024-12-22,3,46,138
1020,10,3,2024-03-10,1,26,26
1021,222,1,2025-04-29,1,41,41
1022,201,7,2025-03-30,3,58,174
1023,213,5,2024-11-08,1,46,46
1024,216,1,2023-08-16,3,41,123
1025,127,4,2024-07-22,3,65,195
1026,156,5,2025-04-03,3,46,138
1027,182,4,2023-09-05,2,65,130
1028,171,7,2023-11-12,3,58,174
1029,149,4,2024-10-21,1,65,65
1030,179,1,2024-09-09,1,41,41
1031,45,3,2024-05-04,1,26,26
1032,35,1,2025-02-20,3,41,123
1033,142,6,2023-04-15,3,28,84
1034,48,2,2025-02-02,2,41,82
1035,224,7,2023-12-01,2,58,116
1036,222,7,2024-07-04,2,58,116
1037,59,1,2023-02-27,1,41,41
1038,231,5,2024-05-02,2,46,92
1039,275,4,2024-09-27,3,65,195
1040,70,1,2025-02-17,1,41,41
1041,188,7,2023-11-15,2,58,116
1042,125,6,2025-01-17,1,28,28
1043,51,5,2025-06-17,3,46,138
1044,61,2,2025-02-16,3,41,123
1045,111,4,2023-03-13,3,65,195
1046,261,5,2025-06-24,3,46,138
1047,129,6,2023-08-12,2,28,56
1048,30,5,2024-05-06,2,46,92
1049,288,3,2024-07-10,1,26,26
1050,138,8,2024-12-31,2,33,66
1051,198,4,2024-11-08,1,65,65
1052,89,3,2024-11-15,1,26,26
1053,132,3,2023-03-10,3,26,78
1054,149,1,2024-11-25,1,41,41
1055,258,7,2025-03-02,3,58,174
1056,136,3,2024-05-04,1,26,26
1057,172,6,2024-03-13,3,28,84
1058,39,6,2025-04-29,1,28,28
1059,100,6,2023-10-18,3,28,84
1060,236,1,2024-04-30,2,41,82
1061,119,8,2023-12-17,1,33,33
1062,153,8,2023-02-16,2,33,66
1063,282,6,2025-04-17,2,28,56
1064,188,6,2025-02-16,2,28,56
1065,90,4,2024-02-18,3,65,195
1066,54,8,2023-05-17,2,33,66
1067,44,7,2025-03-09,3,58,174
1068,129,5,2023-10-31,1,46,46
1069,269,2,2024-08-13,2,41,82
1070,114,4,2023-06-10,1,65,65
1071,213,4,2024-09-24,2,65,130
1072,138,7,2024-12-19,3,58,174
1073,247,5,2024-03-04,3,46,138
1074,7,1,2024-04-24,2,41,82
1075,33,5,2025-05-07,3,46,138
1076,242,2,2023-03-27,2,41,82
1077,143,6,2024-03-24,2,28,56
1078,111,8,2023-03-25,1,33,33
1079,22,4,2023-11-09,2,65,130
1080,110,3,2024-07-26,1,26,26
1081,169,2,2025-03-10,3,41,123
1082,215,1,2023-02-17,3,41,123
1083,283,1,2024-12-06,2,41,82
1084,143,5,2024-03-15,3,46,138
1085,229,6,2023-12-06,2,28,56
1086,233,5,2025-05-12,2,46,92
1087,233,7,2025-03-13,1,58,58
1088,225,6,2024-06-14,2,28,56
1089,291,5,2023-09-07,3,46,138
1090,64,3,2025-05-11,1,26,26
1091,47,6,2023-04-21,3,28,84
1092,289,3,2024-04-02,2,26,52
1093,7,5,2024-11-09,2,46,92
1094,87,7,2025-01-13,3,58,174
1095,42,3,2025-03-21,2,26,52
1096,276,8,2023-01-10,1,33,33
1097,41,4,2023-10-12,1,65,65
1098,274,1,2024-11-05,1,41,41
1099,250,8,2024-09-17,1,33,33
1100,49,1,2024-05-31,3,41,123
1101,77,4,2024-01-19,2,65,130
1102,118,4,2023-09-01,2,65,130
1103,229,2,2023-06-08,3,41,123
1104,11,6,2023-10-31,2,28,56
1105,242,1,2024-11-22,2,41,82
1106,115,7,2023-04-03,3,58,174
1107,33,1,2024-02-07,1,41,41
1108,247,2,2025-02-07,3,41,123
1109,93,7,2023-10-10,1,58,58
1110,288,1,2023-12-23,1,41,41
1111,114,5,2023-09-03,1,46,46
1112,236,1,2024-05-02,2,41,82
1113,104,5,2024-07-16,3,46,138
1114,81,2,2024-07-20,3,41,123
1115,114,1,2024-05-02,1,41,41
1116,65,7,2023-08-24,2,58,116
1117,285,4,2024-06-25,3,65,195
1118,128,3,2023-04-30,2,26,52
1119,77,2,2024-08-12,2,41,82
1120,129,8,2023-05-08,1,33,33
1121,264,7,2024-01-24,3,58,174
1122,269,4,2024-11-04,3,65,195
1123,127,8,2024-09-25,3,33,99
1124,91,4,2024-06-25,1,65,65
1125,295,3,2024-01-31,2,26,52
1126,24,6,2023-04-11,2,28,56
1127,90,5,2024-06-05,1,46,46
1128,159,7,2023-07-09,2,58,116
1129,238,3,2024-06-12,2,26,52
1130,214,2,2023-08-21,2,41,82
1131,80,3,2023-07-30,3,26,78
1132,42,5,2023-02-25,2,46,92
1133,200,5,2023-11-18,1,46,46
1134,127,2,2025-02-28,1,41,41
1135,298,1,2025-05-14,2,41,82
1136,242,7,2024-04-25,3,58,174
1137,111,4,2024-03-13,1,65,65
1138,66,2,2024-12-29,1,41,41
1139,96,1,2024-04-08,3,41,123
1140,17,2,2023-10-11,3,41,123
1141,255,2,2024-09-09,1,41,41
1142,288,8,2025-04-21,3,33,99
1143,152,7,2024-03-10,2,58,116
1144,61,3,2024-03-24,1,26,26
1145,254,8,2024-10-04,1,33,33
1146,195,3,2023-03-23,1,26,26
1147,294,5,2023-02-11,1,46,46
1148,27,5,2024-10-02,2,46,92
1149,4,2,2023-01-22,2,41,82
1150,117,2,2025-01-16,2,41,82
1151,289,3,2024-07-02,3,26,78
1152,197,1,2023-08-03,1,41,41
1153,24,4,2024-10-23,2,65,130
1154,206,2,2024-04-21,3,41,123
1155,246,3,2024-01-12,3,26,78
1156,74,8,2024-10-29,1,33,33
1157,277,1,2023-05-12,3,41,123
1158,187,7,2025-03-14,3,58,174
1159,208,3,2024-04-07,1,26,26
1160,101,6,2023-05-27,3,28,84
1161,30,8,2023-02-13,3,33,99
1162,248,4,2024-12-28,1,65,65
1163,130,4,2024-06-21,1,65,65
1164,250,6,2024-06-08,3,28,84
1165,102,1,2025-02-04,3,41,123
1166,243,5,2025-02-16,2,46,92
1167,72,4,2023-09-02,2,65,130
1168,271,7,2025-03-06,1,58,58
1169,167,6,2023-08-26,3,28,84
1170,219,5,2024-01-03,1,46,46
1171,205,7,2024-02-28,1,58,58
1172,282,6,2025-04-29,3,28,84
1173,22,7,2023-08-16,1,58,58
1174,212,3,2025-01-15,3,26,78
1175,3,8,2025-06-09,1,33,33
1176,58,3,2024-06-15,2,26,52
1177,253,7,2023-10-01,3,58,174
1178,89,3,2023-05-21,2,26,52
1179,185,8,2025-03-31,1,33,33
1180,2,4,2023-11-04,3,65,195
1181,240,3,2024-03-14,2,26,52
1182,155,1,2024-08-24,3,41,123
1183,278,4,2024-07-18,3,65,195
1184,105,2,2024-08-16,3,41,123
1185,88,8,2024-12-10,1,33,33
1186,61,3,2024-04-23,1,26,26
1187,224,1,2023-09-15,2,41,82
1188,74,2,2023-04-12,2,41,82
1189,269,7,2025-02-19,2,58,116
1190,161,1,2023-03-31,3,41,123
1191,117,5,2024-09-27,2,46,92
1192,173,5,2025-05-14,1,46,46
1193,77,1,2025-06-12,2,41,82
1194,59,2,2024-12-16,3,41,123
1195,26,5,2025-06-16,2,46,92
1196,46,4,2023-12-30,3,65,195
1197,28,8,2024-09-24,1,33,33
1198,292,5,2023-05-07,1,46,46
1199,134,3,2024-01-25,3,26,78
1200,16,3,2023-06-17,3,26,78
1201,57,8,2024-08-07,1,33,33
1202,265,1,2023-04-09,3,41,123
1203,167,4,2024-05-07,1,65,65
1204,129,7,2024-04-13,3,58,174
1205,225,8,2024-03-05,3,33,99
1206,80,6,2023-02-25,2,28,56
1207,254,6,2025-03-17,2,28,56
1208,42,4,2023-02-03,2,65,130
1209,203,1,2024-03-06,1,41,41
1210,204,5,2023-06-12,2,46,92
1211,242,2,2024-06-04,2,41,82
1212,175,3,2025-06-02,2,26,52
1213,58,1,2024-07-05,3,41,123
1214,88,3,2024-02-09,3,26,78
1215,286,5,2023-01-20,2,46,92
1216,146,5,2025-02-18,1,46,46
1217,77,2,2024-06-02,1,41,41
1218,26,2,2024-06-12,2,41,82
1219,70,3,2023-02-02,2,26,52
1220,149,8,2024-11-05,3,33,99
1221,266,4,2023-05-30,3,65,195
1222,205,4,2025-01-12,2,65,130
1223,157,8,2023-12-07,3,33,99
1224,225,6,2023-01-04,3,28,84
1225,131,2,2023-11-01,3,41,123
1226,227,8,2024-05-27,2,33,66
1227,289,2,2023-02-16,1,41,41
1228,72,4,2023-02-27,3,65,195
1229,149,6,2024-02-18,2,28,56
1230,162,1,2023-04-08,3,41,123
1231,251,7,2024-05-15,2,58,116
1232,178,3,2023-08-05,1,26,26
1233,242,2,2024-06-30,3,41,123
1234,217,1,2023-04-07,2,41,82
1235,300,3,2024-07-30,3,26,78
1236,68,7,2024-03-08,2,58,116
1237,25,5,2023-01-21,2,46,92
1238,285,7,2024-03-30,2,58,116
1239,162,5,2025-02-12,3,46,138
1240,145,4,2025-05-31,1,65,65
1241,191,8,2024-06-17,2,33,66
1242,79,3,2023-09-22,3,26,78
1243,7,6,2025-03-11,2,28,56
1244,23,1,2024-10-31,2,41,82
1245,250,3,2024-10-10,1,26,26
1246,28,3,2025-05-30,3,26,78
1247,247,1,2025-02-17,2,41,82
1248,176,7,2025-06-13,3,58,174
1249,125,7,2023-07-04,1,58,58
1250,286,1,2025-06-25,3,41,123
1251,1,3,2024-02-24,2,26,52
1252,178,6,2024-10-23,2,28,56
1253,293,5,2025-02-19,1,46,46
1254,20,1,2023-12-01,2,41,82
1255,84,7,2023-08-30,1,58,58
1256,129,7,2023-12-07,1,58,58
1257,256,3,2023-06-16,3,26,78
1258,161,6,2024-11-29,2,28,56
1259,159,3,2023-05-20,3,26,78
1260,244,6,2024-12-20,1,28,28
1261,228,8,2023-03-30,3,33,99
1262,143,1,2024-04-24,2,41,82
1263,181,3,2024-08-17,1,26,26
1264,266,4,2024-03-06,1,65,65
1265,195,6,2024-08-28,3,28,84
1266,208,2,2023-03-20,1,41,41
1267,208,3,2024-09-16,3,26,78
1268,68,2,2025-06-11,2,41,82
1269,50,7,2023-11-15,2,58,116
1270,257,6,2023-05-08,1,28,28
1271,260,8,2024-08-27,3,33,99
1272,43,7,2024-01-01,3,58,174
1273,241,2,2024-11-03,2,41,82
1274,178,7,2023-08-29,3,58,174
1275,83,5,2024-10-15,3,46,138
1276,87,3,2024-11-04,3,26,78
1277,231,1,2023-05-15,1,41,41
1278,32,2,2023-03-07,2,41,82
1279,165,3,2023-02-07,1,26,26
1280,34,3,2024-12-19,2,26,52
1281,142,3,2025-01-28,3,26,78
1282,84,1,2023-06-25,1,41,41
1283,45,8,2024-12-25,2,33,66
1284,143,4,2024-09-07,2,65,130
1285,142,5,2023-11-24,3,46,138
1286,290,4,2024-06-18,1,65,65
1287,165,5,2025-05-25,1,46,46
1288,36,2,2023-12-08,3,41,123
1289,205,2,2023-12-02,2,41,82
1290,131,7,2025-02-20,2,58,116
1291,162,3,2024-04-22,3,26,78
1292,170,7,2025-05-24,1,58,58
1293,236,1,2024-11-11,3,41,123
1294,22,8,2023-05-27,2,33,66
1295,210,4,2024-02-25,3,65,195
1296,234,2,2024-11-13,3,41,123
1297,197,5,2023-03-04,2,46,92
1298,28,7,2025-05-29,3,58,174
1299,265,6,2024-08-02,3,28,84
1300,69,5,2024-11-22,1,46,46
1301,279,1,2023-02-21,3,41,123
1302,87,4,2023-02-16,1,65,65
1303,82,2,2024-10-21,3,41,123
1304,220,5,2024-01-02,1,46,46
1305,270,3,2024-01-13,1,26,26
1306,66,3,2025-01-23,2,26,52
1307,158,3,2024-09-17,3,26,78
1308,284,8,2023-09-15,1,33,33
1309,296,8,2023-05-21,2,33,66
1310,15,1,2023-03-30,2,41,82
1311,3,2,2024-07-30,3,41,123
1312,294,4,2023-06-04,2,65,130
1313,136,6,2025-01-13,3,28,84
1314,256,2,2024-10-12,3,41,123
1315,22,6,2023-12-01,2,28,56
1316,30,5,2025-01-17,1,46,46
1317,230,4,2024-08-29,1,65,65
1318,127,3,2023-06-13,1,26,26
1319,283,4,2023-01-26,2,65,130
1320,164,2,2025-06-06,3,41,123
1321,175,1,2024-11-11,3,41,123
1322,160,2,2025-05-24,2,41,82
1323,105,8,2023-05-08,1,33,33
1324,184,2,2023-01-23,1,41,41
1325,22,4,2024-01-31,3,65,195
1326,20,6,2023-01-02,3,28,84
1327,156,3,2023-04-29,2,26,52
1328,198,4,2024-12-12,1,65,65
1329,10,5,2023-01-02,3,46,138
1330,114,6,2024-02-13,2,28,56
1331,182,6,2023-04-25,3,28,84
1332,277,6,2023-02-11,1,28,28
1333,160,6,2023-10-14,3,28,84
1334,254,5,2025-06-13,1,46,46
1335,91,7,2024-09-17,3,58,174
1336,232,6,2024-04-26,1,28,28
1337,180,1,2023-08-20,1,41,41
1338,201,6,2024-01-19,3,28,84
1339,175,3,2025-05-27,2,26,52
1340,39,7,2024-02-07,2,58,116
1341,49,2,2023-08-19,3,41,123
1342,2,6,2024-08-09,3,28,84
1343,104,8,2023-01-06,1,33,33
1344,240,8,2024-12-13,3,33,99
1345,246,2,2025-03-16,3,41,123
1346,80,7,2024-04-22,1,58,58
1347,199,3,2025-06-13,2,26,52
1348,148,2,2024-05-18,2,41,82
1349,224,4,2023-12-13,1,65,65
1350,35,7,2025-01-24,1,58,58
1351,150,3,2023-04-01,2,26,52
1352,242,4,2024-11-19,1,65,65
1353,230,2,2024-04-29,1,41,41
1354,204,5,2023-05-22,2,46,92
1355,88,7,2023-11-23,3,58,174
1356,299,1,2025-01-06,2,41,82
1357,283,8,2025-03-07,1,33,33
1358,172,4,2023-06-22,3,65,195
1359,90,5,2024-01-06,3,46,138
1360,239,6,2023-03-14,3,28,84
1361,242,4,2023-12-02,2,65,130
1362,143,2,2023-04-26,1,41,41
1363,282,3,2023-02-14,1,26,26
1364,74,1,2024-01-08,2,41,82
1365,212,2,2024-09-15,2,41,82
1366,69,5,2025-06-07,2,46,92
1367,47,1,2025-05-18,2,41,82
1368,177,7,2023-08-10,3,58,174
1369,119,1,2023-06-27,3,41,123
1370,41,6,2023-08-19,3,28,84
1371,204,8,2023-01-23,1,33,33
1372,151,1,2024-08-03,1,41,41
1373,187,8,2023-07-11,1,33,33
1374,97,5,2024-12-28,3,46,138
1375,164,4,2025-04-09,2,65,130
1376,250,6,2023-07-05,2,28,56
1377,61,4,2023-08-02,2,65,130
1378,33,2,2025-05-20,1,41,41
1379,277,3,2023-01-06,3,26,78
1380,51,8,2024-09-26,2,33,66
1381,280,3,2023-08-10,3,26,78
1382,267,1,2023-11-18,3,41,123
1383,223,6,2023-08-31,2,28,56
1384,78,3,2024-03-15,1,26,26
1385,92,1,2024-07-30,3,41,123
1386,73,5,2025-04-29,1,46,46
1387,77,8,2024-05-19,1,33,33
1388,278,2,2023-08-18,1,41,41
1389,145,3,2024-05-09,3,26,78
1390,197,2,2023-10-05,2,41,82
1391,123,4,2025-03-20,2,65,130
1392,30,4,2025-02-10,2,65,130
1393,170,8,2023-07-20,1,33,33
1394,262,1,2023-05-09,3,41,123
1395,82,7,2025-04-02,1,58,58
1396,230,2,2024-01-12,1,41,41
1397,257,5,2024-12-27,3,46,138
1398,251,2,2025-06-29,2,41,82
1399,117,6,2024-07-01,2,28,56
1400,167,7,2023-01-31,1,58,58
1401,219,7,2024-07-08,2,58,116
1402,248,7,2023-01-10,2,58,116
1403,21,3,2024-11-20,2,26,52
1404,239,4,2024-11-02,2,65,130
1405,92,5,2023-05-10,2,46,92
1406,128,2,2023-08-22,1,41,41
1407,271,6,2025-06-17,3,28,84
1408,48,2,2025-05-08,1,41,41
1409,212,3,2025-01-02,2,26,52
1410,252,6,2023-04-10,3,28,84
1411,198,3,2025-02-14,3,26,78
1412,62,2,2024-04-21,2,41,82
1413,66,4,2023-12-12,2,65,130
1414,277,4,2024-02-22,1,65,65
1415,190,6,2023-09-20,1,28,28
1416,75,3,2024-08-04,2,26,52
1417,141,5,2023-08-03,3,46,138
1418,81,7,2024-06-05,2,58,116
1419,31,7,2024-08-04,2,58,116
1420,189,8,2025-06-05,1,33,33
1421,68,8,2024-01-28,1,33,33
1422,124,6,2023-04-17,3,28,84
1423,114,8,2024-04-16,1,33,33
1424,131,1,2024-06-06,3,41,123
1425,21,4,2023-07-20,1,65,65
1426,131,1,2023-05-04,3,41,123
1427,283,7,2025-01-15,2,58,116
1428,209,1,2023-08-12,3,41,123
1429,186,1,2024-09-22,2,41,82
1430,178,3,2023-06-22,1,26,26
1431,33,8,2023-04-09,2,33,66
1432,254,2,2024-01-19,1,41,41
1433,205,5,2024-11-09,1,46,46
1434,3,7,2023-10-26,2,58,116
1435,211,3,2023-04-09,1,26,26
1436,60,1,2025-03-30,3,41,123
1437,93,1,2024-11-27,1,41,41
1438,127,2,2025-04-18,1,41,41
1439,135,1,2024-11-22,3,41,123
1440,291,5,2024-12-26,3,46,138
1441,154,3,2023-03-16,2,26,52
1442,154,6,2023-08-22,2,28,56
1443,6,2,2025-03-19,1,41,41
1444,232,5,2024-04-20,1,46,46
1445,123,3,2024-03-10,1,26,26
1446,203,8,2023-03-29,1,33,33
1447,283,2,2024-09-09,3,41,123
1448,270,5,2023-04-18,3,46,138
1449,262,5,2023-11-17,1,46,46
1450,247,4,2025-03-10,1,65,65
1451,10,5,2024-03-11,1,46,46
1452,26,5,2023-01-06,1,46,46
1453,129,3,2023-04-28,3,26,78
1454,155,7,2024-01-12,3,58,174
1455,166,7,2024-06-12,2,58,116
1456,17,6,2023-06-27,1,28,28
1457,168,7,2025-03-18,3,58,174
1458,39,7,2023-11-12,2,58,116
1459,26,5,2023-03-10,1,46,46
1460,78,6,2023-02-21,1,28,28
1461,284,6,2023-10-26,2,28,56
1462,121,3,2023-01-17,1,26,26
1463,70,2,2024-11-06,3,41,123
1464,43,7,2023-02-28,2,58,116
1465,216,5,2025-01-11,3,46,138
1466,84,3,2024-04-25,3,26,78
1467,224,8,2025-05-29,2,33,66
1468,255,4,2024-04-12,3,65,195
1469,52,5,2023-08-12,2,46,92
1470,286,4,2023-12-12,3,65,195
1471,211,4,2023-04-16,3,65,195
1472,64,8,2025-01-01,2,33,66
1473,66,6,2025-06-22,1,28,28
1474,73,6,2023-07-12,3,28,84
1475,122,4,2023-10-09,3,65,195
1476,110,3,2023-01-30,2,26,52
1477,248,6,2023-08-07,1,28,28
1478,2,5,2023-10-19,2,46,92
1479,282,6,2024-03-22,1,28,28
1480,110,7,2025-05-14,3,58,174
1481,32,8,2024-11-08,3,33,99
1482,210,4,2024-07-16,1,65,65
1483,136,7,2023-12-12,3,58,174
1484,28,3,2024-10-21,2,26,52
1485,162,3,2023-07-26,3,26,78
1486,119,4,2024-03-22,2,65,130
1487,111,4,2023-11-26,1,65,65
1488,84,7,2023-10-23,3,58,174
1489,199,7,2024-06-17,1,58,58
1490,79,7,2025-01-04,1,58,58
1491,220,6,2024-07-15,2,28,56
1492,31,6,2023-12-08,1,28,28
1493,98,2,2024-06-28,2,41,82
1494,297,1,2025-06-27,1,41,41
1495,216,4,2023-08-16,2,65,130
1496,148,1,2023-07-29,3,41,123
1497,183,3,2024-01-01,2,26,52
1498,83,6,2023-07-01,1,28,28
1499,161,2,2023-01-08,2,41,82
1500,230,7,2023-08-03,2,58,116
1501,128,7,2023-02-09,3,58,174
1502,259,4,2025-05-13,1,65,65
1503,71,8,2023-12-03,3,33,99
1504,210,1,2024-09-16,3,41,123
1505,37,3,2023-10-16,2,26,52
1506,259,8,2024-08-09,3,33,99
1507,210,5,2024-11-29,1,46,46
1508,109,5,2023-06-13,2,46,92
1509,257,7,2023-09-21,3,58,174
1510,182,2,2024-08-28,2,41,82
1511,156,2,2024-11-06,1,41,41
1512,211,2,2024-11-27,3,41,123
1513,101,1,2024-08-12,2,41,82
1514,103,5,2024-09-18,1,46,46
1515,244,3,2023-12-07,2,26,52
1516,152,6,2024-10-04,3,28,84
1517,16,3,2024-09-25,1,26,26
1518,70,8,2023-08-09,1,33,33
1519,23,4,2023-02-15,3,65,195
1520,269,2,2024-02-21,2,41,82
1521,177,8,2025-06-23,1,33,33
1522,217,1,2023-05-28,2,41,82
1523,7,8,2024-08-01,1,33,33
1524,235,2,2024-09-06,3,41,123
1525,145,3,2023-12-21,1,26,26
1526,98,6,2023-08-25,2,28,56
1527,232,1,2024-10-18,1,41,41
1528,229,3,2024-10-13,1,26,26
1529,169,2,2024-02-16,2,41,82
1530,154,6,2023-08-18,3,28,84
1531,61,7,2024-10-11,2,58,116
1532,259,2,2023-04-25,2,41,82
1533,2,7,2024-03-07,3,58,174
1534,55,4,2023-05-02,2,65,130
1535,248,2,2024-07-21,2,41,82
1536,172,1,2023-07-31,3,41,123
1537,132,3,2023-09-03,3,26,78
1538,186,7,2023-12-07,1,58,58
1539,73,8,2023-03-03,3,33,99
1540,263,2,2023-06-13,1,41,41
1541,57,8,2024-10-08,3,33,99
1542,267,4,2024-03-27,2,65,130
1543,148,5,2024-11-22,2,46,92
1544,125,2,2023-05-24,3,41,123
1545,200,5,2023-05-25,3,46,138
1546,44,7,2024-04-02,1,58,58
1547,10,6,2023-08-17,1,28,28
1548,201,8,2023-12-15,1,33,33
1549,264,5,2023-03-31,3,46,138
1550,265,7,2025-03-14,1,58,58
1551,282,7,2023-01-13,1,58,58
1552,36,8,2024-08-18,2,33,66
1553,174,4,2023-12-06,3,65,195
1554,186,7,2025-01-08,2,58,116
1555,29,7,2024-04-12,2,58,116
1556,216,6,2024-11-20,3,28,84
1557,48,4,2023-01-14,1,65,65
1558,126,6,2025-02-01,1,28,28
1559,190,3,2023-03-20,2,26,52
1560,295,7,2023-07-05,3,58,174
1561,102,7,2023-10-12,2,58,116
1562,52,6,2024-12-21,3,28,84
1563,93,4,2024-03-03,3,65,195
1564,138,1,2023-05-17,2,41,82
1565,188,5,2024-05-12,1,46,46
1566,221,7,2024-12-12,2,58,116
1567,189,3,2023-09-08,1,26,26
1568,47,4,2025-04-11,3,65,195
1569,183,3,2024-05-06,3,26,78
1570,217,7,2024-01-09,2,58,116
1571,278,7,2023-08-23,2,58,116
1572,277,5,2025-06-30,1,46,46
1573,104,7,2023-09-21,2,58,116
1574,261,5,2023-07-23,3,46,138
1575,128,7,2023-11-07,2,58,116
1576,135,3,2023-08-22,3,26,78
1577,149,4,2023-06-25,2,65,130
1578,281,7,2024-03-17,1,58,58
1579,233,4,2023-01-31,3,65,195
1580,168,2,2023-05-17,1,41,41
1581,300,4,2023-12-26,1,65,65
1582,150,3,2023-02-16,2,26,52
1583,63,7,2023-07-31,1,58,58
1584,185,8,2023-03-31,1,33,33
1585,205,7,2024-02-11,3,58,174
1586,99,2,2024-03-15,1,41,41
1587,68,5,2023-01-05,3,46,138
1588,5,4,2024-10-30,3,65,195
1589,141,7,2025-01-21,2,58,116
1590,17,7,2024-09-17,1,58,58
1591,151,4,2023-09-20,1,65,65
1592,141,4,2023-07-16,2,65,130
1593,248,3,2023-09-26,1,26,26
1594,170,2,2023-02-03,3,41,123
1595,235,6,2023-02-14,3,28,84
1596,111,3,2024-01-07,1,26,26
1597,269,3,2024-09-26,2,26,52
1598,109,8,2024-04-26,2,33,66
1599,99,6,2023-08-18,2,28,56
1600,10,7,2023-11-09,3,58,174
1601,178,7,2024-02-15,1,58,58
1602,61,5,2024-07-22,2,46,92
1603,267,8,2025-06-07,2,33,66
1604,141,8,2023-07-28,2,33,66
1605,129,1,2023-05-26,3,41,123
1606,104,6,2023-12-09,1,28,28
1607,9,8,2024-03-26,1,33,33
1608,199,5,2025-05-04,2,46,92
1609,180,6,2025-06-24,2,28,56
1610,197,4,2023-06-25,1,65,65
1611,32,1,2025-05-18,3,41,123
1612,266,1,2023-09-05,1,41,41
1613,140,2,2024-12-03,2,41,82
1614,82,7,2023-04-19,3,58,174
1615,264,4,2024-07-05,1,65,65
1616,80,6,2024-06-13,2,28,56
1617,135,5,2024-11-08,2,46,92
1618,15,3,2025-06-02,3,26,78
1619,289,2,2025-05-27,1,41,41
1620,114,1,2024-11-07,3,41,123
1621,9,1,2023-08-06,3,41,123
1622,125,3,2023-06-01,2,26,52
1623,4,7,2024-09-20,1,58,58
1624,184,6,2025-06-11,1,28,28
1625,136,3,2023-10-19,1,26,26
1626,48,3,2024-12-15,1,26,26
1627,29,4,2023-09-13,2,65,130
1628,275,7,2025-01-16,3,58,174
1629,82,3,2025-05-07,3,26,78
1630,194,4,2023-12-22,2,65,130
1631,105,2,2023-02-08,1,41,41
1632,138,3,2024-01-12,2,26,52
1633,112,3,2025-01-17,1,26,26
1634,229,1,2025-01-03,1,41,41
1635,63,3,2024-02-12,1,26,26
1636,148,6,2025-01-01,1,28,28
1637,87,2,2024-12-19,2,41,82
1638,293,3,2023-08-22,1,26,26
1639,197,2,2024-10-20,1,41,41
1640,69,7,2023-10-20,3,58,174
1641,279,7,2023-07-04,3,58,174
1642,99,8,2023-01-09,3,33,99
1643,173,5,2023-05-18,1,46,46
1644,165,4,2023-10-06,3,65,195
1645,18,2,2023-07-08,3,41,123
1646,20,6,2024-09-14,3,28,84
1647,239,8,2023-11-18,2,33,66
1648,39,6,2024-04-21,2,28,56
1649,297,7,2025-06-15,3,58,174
1650,223,6,2024-03-19,3,28,84
1651,167,5,2023-11-10,1,46,46
1652,288,7,2025-02-02,1,58,58
1653,159,1,2024-04-26,1,41,41
1654,56,1,2024-06-25,2,41,82
1655,94,5,2023-10-02,1,46,46
1656,191,5,2025-06-29,1,46,46
1657,12,3,2024-12-11,2,26,52
1658,96,1,2023-04-18,1,41,41
1659,104,4,2024-07-25,3,65,195
1660,247,6,2023-02-15,2,28,56
1661,134,4,2023-02-27,2,65,130
1662,196,1,2023-07-23,3,41,123
1663,173,6,2024-04-12,1,28,28
1664,229,8,2025-03-06,3,33,99
1665,65,8,2025-06-22,2,33,66
1666,173,8,2024-08-10,2,33,66
1667,28,3,2023-12-08,2,26,52
1668,270,5,2024-09-05,1,46,46
1669,204,8,2025-04-09,1,33,33
1670,76,7,2024-10-23,3,58,174
1671,193,2,2023-08-23,1,41,41
1672,47,1,2024-11-14,3,41,123
1673,292,8,2024-06-13,3,33,99
1674,6,8,2025-05-01,2,33,66
1675,3,3,2023-01-19,3,26,78
1676,96,4,2024-11-11,2,65,130
1677,286,1,2024-10-23,1,41,41
1678,105,4,2023-04-05,1,65,65
1679,128,3,2023-06-13,1,26,26
1680,9,3,2023-07-21,1,26,26
1681,41,2,2024-01-29,3,41,123
1682,104,2,2023-09-16,3,41,123
1683,27,7,2024-01-02,1,58,58
1684,215,3,2023-05-28,2,26,52
1685,144,7,2024-08-24,1,58,58
1686,264,3,2024-04-16,2,26,52
1687,153,7,2024-07-05,1,58,58
1688,146,1,2023-03-22,1,41,41
1689,49,8,2023-01-30,1,33,33
1690,149,5,2023-05-09,2,46,92
1691,232,3,2024-01-16,2,26,52
1692,258,3,2025-03-26,1,26,26
1693,126,8,2025-05-21,1,33,33
1694,154,6,2025-01-09,3,28,84
1695,143,2,2024-12-28,1,41,41
1696,175,4,2024-10-15,3,65,195
1697,53,2,2024-05-23,2,41,82
1698,215,4,2023-06-05,1,65,65
1699,274,2,2023-07-22,2,41,82
1700,177,3,2025-03-31,3,26,78
1701,179,6,2023-05-22,1,28,28
1702,257,5,2025-06-22,1,46,46
1703,137,1,2025-02-24,3,41,123
1704,285,7,2024-09-14,1,58,58
1705,128,5,2023-08-19,3,46,138
1706,51,6,2024-08-15,3,28,84
1707,243,1,2023-12-26,1,41,41
1708,139,4,2025-04-26,2,65,130
1709,212,4,2024-08-18,3,65,195
1710,300,2,2023-10-22,1,41,41
1711,170,4,2025-02-03,3,65,195
1712,29,1,2024-06-16,3,41,123
1713,212,3,2023-10-27,2,26,52
1714,205,4,2023-08-06,1,65,65
1715,130,1,2023-06-15,1,41,41
1716,78,3,2024-09-23,1,26,26
1717,229,6,2024-10-19,1,28,28
1718,128,1,2023-03-11,1,41,41
1719,224,4,2024-07-04,1,65,65
1720,51,1,2023-07-14,2,41,82
1721,143,8,2024-09-09,3,33,99
1722,300,2,2023-02-01,3,41,123
1723,79,7,2023-02-26,2,58,116
1724,256,2,2024-03-08,1,41,41
1725,207,7,2024-01-21,1,58,58
1726,181,8,2025-02-19,2,33,66
1727,110,5,2024-10-21,3,46,138
1728,9,8,2024-01-01,2,33,66
1729,213,8,2025-03-25,3,33,99
1730,148,1,2024-06-05,1,41,41
1731,157,3,2023-02-17,1,26,26
1732,12,7,2023-09-06,2,58,116
1733,139,1,2024-12-21,1,41,41
1734,208,1,2023-11-17,3,41,123
1735,287,4,2024-08-03,3,65,195
1736,161,3,2023-05-19,1,26,26
1737,184,8,2023-06-17,1,33,33
1738,72,3,2024-12-07,2,26,52
1739,244,3,2024-06-17,3,26,78
1740,199,8,2025-02-19,1,33,33
1741,230,5,2025-02-05,2,46,92
1742,95,6,2025-04-14,3,28,84
1743,237,8,2023-08-02,3,33,99
1744,1,3,2024-06-24,2,26,52
1745,30,6,2025-04-20,1,28,28
1746,279,5,2023-04-27,1,46,46
1747,244,4,2024-06-07,3,65,195
1748,104,2,2024-04-20,2,41,82
1749,48,1,2024-02-18,2,41,82
1750,79,6,2023-10-21,2,28,56
1751,68,3,2023-10-14,2,26,52
1752,242,8,2023-01-01,1,33,33
1753,130,7,2023-12-31,3,58,174
1754,212,5,2025-02-18,2,46,92
1755,282,1,2023-11-18,1,41,41
1756,212,7,2024-01-13,1,58,58
1757,49,4,2023-06-21,2,65,130
1758,242,2,2024-08-20,3,41,123
1759,270,3,2023-10-23,3,26,78
1760,97,7,2023-12-18,3,58,174
1761,194,3,2023-11-27,1,26,26
1762,15,6,2023-06-08,1,28,28
1763,217,6,2024-01-02,3,28,84
1764,155,4,2023-05-01,1,65,65
1765,187,8,2024-07-31,2,33,66
1766,94,5,2025-01-02,1,46,46
1767,202,5,2024-03-22,2,46,92
1768,52,2,2023-05-18,2,41,82
1769,170,8,2024-03-03,1,33,33
1770,161,5,2025-02-11,1,46,46
1771,156,4,2023-05-04,2,65,130
1772,6,2,2024-12-09,1,41,41
1773,162,5,2023-06-06,1,46,46
1774,26,6,2024-02-04,2,28,56
1775,108,7,2024-11-02,1,58,58
1776,115,1,2025-04-01,2,41,82
1777,100,6,2024-10-21,3,28,84
1778,295,6,2023-05-20,3,28,84
1779,198,7,2023-01-22,1,58,58
1780,262,5,2024-09-05,1,46,46
1781,276,6,2024-04-09,2,28,56
1782,3,1,2025-02-26,1,41,41
1783,60,6,2025-04-07,2,28,56
1784,129,4,2023-05-25,3,65,195
1785,3,5,2024-01-10,3,46,138
1786,175,1,2023-03-02,3,41,123
1787,54,5,2023-09-05,1,46,46
1788,196,4,2024-12-12,1,65,65
1789,219,2,2024-08-05,3,41,123
1790,26,6,2024-01-22,2,28,56
1791,18,3,2023-11-24,1,26,26
1792,299,5,2023-09-02,2,46,92
1793,153,4,2023-10-20,3,65,195
1794,198,1,2024-03-10,3,41,123
1795,66,6,2024-08-30,3,28,84
1796,277,2,2024-09-23,2,41,82
1797,261,7,2023-08-11,3,58,174
1798,263,7,2024-07-02,2,58,116
1799,46,3,2023-06-09,3,26,78
1800,78,4,2024-02-27,3,65,195
1801,33,2,2024-10-15,2,41,82
1802,246,6,2023-03-10,2,28,56
1803,240,6,2023-01-30,1,28,28
1804,41,2,2024-05-17,2,41,82
1805,189,5,2025-02-17,3,46,138
1806,186,7,2023-09-09,2,58,116
1807,32,7,2023-09-11,2,58,116
1808,30,4,2023-12-11,3,65,195
1809,290,4,2024-08-30,1,65,65
1810,102,4,2024-10-02,1,65,65
1811,203,3,2025-06-18,1,26,26
1812,193,5,2025-05-23,3,46,138
1813,77,6,2025-03-05,3,28,84
1814,170,3,2024-01-26,1,26,26
1815,209,2,2024-02-26,3,41,123
1816,42,5,2023-09-22,1,46,46
1817,290,2,2023-08-25,1,41,41
1818,257,6,2024-04-26,3,28,84
1819,139,8,2024-12-26,3,33,99
1820,237,7,2024-11-26,3,58,174
1821,48,7,2025-06-22,2,58,116
1822,127,1,2024-03-01,1,41,41
1823,209,6,2024-05-17,1,28,28
1824,104,6,2023-11-29,2,28,56
1825,147,7,2023-04-14,2,58,116
1826,196,5,2025-02-24,3,46,138
1827,152,8,2025-01-21,2,33,66
1828,17,5,2023-01-19,1,46,46
1829,254,1,2024-05-06,3,41,123
1830,166,7,2023-02-12,1,58,58
1831,4,6,2023-11-18,3,28,84
1832,61,5,2023-05-13,3,46,138
1833,16,3,2023-08-23,3,26,78
1834,176,1,2025-02-06,3,41,123
1835,267,8,2024-02-18,1,33,33
1836,35,3,2024-06-16,1,26,26
1837,198,6,2024-05-23,2,28,56
1838,4,5,2024-12-17,3,46,138
1839,94,7,2024-09-28,2,58,116
1840,114,3,2023-05-08,3,26,78
1841,237,3,2024-05-23,3,26,78
1842,108,1,2024-08-13,3,41,123
1843,7,7,2024-07-24,3,58,174
1844,134,8,2023-08-22,1,33,33
1845,61,3,2024-12-29,3,26,78
1846,17,8,2023-10-28,2,33,66
1847,105,2,2024-10-11,2,41,82
1848,261,4,2025-04-04,1,65,65
1849,91,6,2025-02-27,1,28,28
1850,56,7,2025-04-20,2,58,116
1851,269,6,2024-07-08,1,28,28
1852,186,1,2023-07-19,2,41,82
1853,152,2,2023-03-17,2,41,82
1854,12,8,2023-09-26,1,33,33
1855,76,3,2025-03-13,1,26,26
1856,219,2,2024-01-30,2,41,82
1857,58,4,2024-12-10,1,65,65
1858,15,2,2023-07-05,1,41,41
1859,162,8,2024-05-09,3,33,99
1860,163,5,2023-07-15,2,46,92
1861,58,7,2024-11-27,1,58,58
1862,50,6,2024-08-09,3,28,84
1863,240,4,2023-11-24,2,65,130
1864,70,6,2024-05-13,2,28,56
1865,178,4,2023-04-02,3,65,195
1866,127,6,2024-01-30,3,28,84
1867,246,6,2023-04-01,3,28,84
1868,174,4,2024-09-22,2,65,130
1869,190,7,2024-08-26,1,58,58
1870,262,2,2024-10-11,2,41,82
1871,61,2,2024-04-18,2,41,82
1872,31,4,2024-11-09,2,65,130
1873,194,2,2023-05-09,2,41,82
1874,76,5,2025-03-08,1,46,46
1875,59,7,2025-05-22,3,58,174
1876,133,8,2024-01-22,1,33,33
1877,105,5,2024-08-14,2,46,92
1878,31,4,2025-01-19,1,65,65
1879,147,6,2024-02-11,2,28,56
1880,156,2,2023-12-07,3,41,123
1881,132,1,2025-01-15,2,41,82
1882,194,1,2023-11-10,2,41,82
1883,70,8,2023-01-11,2,33,66
1884,270,5,2024-04-25,1,46,46
1885,208,8,2023-10-01,2,33,66
1886,264,6,2025-04-02,2,28,56
1887,290,2,2023-07-22,1,41,41
1888,107,3,2025-01-19,2,26,52
1889,179,5,2023-06-20,1,46,46
1890,52,5,2024-09-24,3,46,138
1891,241,3,2025-04-19,1,26,26
1892,170,1,2024-03-30,2,41,82
1893,35,2,2024-04-08,1,41,41
1894,41,7,2023-07-16,2,58,116
1895,281,2,2023-01-23,2,41,82
1896,87,7,2025-06-30,3,58,174
1897,11,6,2024-06-25,3,28,84
1898,234,7,2023-06-27,2,58,116
1899,147,8,2024-04-15,1,33,33
1900,84,8,2023-08-12,2,33,66
1901,281,1,2025-03-22,3,41,123
1902,142,2,2024-06-23,3,41,123
1903,298,7,2024-09-29,1,58,58
1904,175,7,2025-01-22,3,58,174
1905,269,1,2024-01-22,3,41,123
1906,62,3,2024-08-17,2,26,52
1907,222,2,2024-03-12,3,41,123
1908,80,6,2025-04-03,3,28,84
1909,275,3,2024-09-22,2,26,52
1910,95,2,2025-01-28,2,41,82
1911,202,6,2025-02-23,2,28,56
1912,274,2,2023-10-29,2,41,82
1913,114,8,2024-01-31,2,33,66
1914,166,8,2023-03-15,1,33,33
1915,62,8,2023-08-11,2,33,66
1916,98,6,2025-03-29,2,28,56
1917,285,8,2025-05-17,3,33,99
1918,273,2,2023-08-29,3,41,123
1919,267,4,2023-07-20,1,65,65
1920,125,8,2023-09-21,3,33,99
1921,28,3,2025-02-16,1,26,26
1922,52,2,2023-11-04,1,41,41
1923,152,4,2024-09-30,2,65,130
1924,190,1,2024-07-13,2,41,82
1925,224,5,2024-04-24,2,46,92
1926,21,4,2023-10-04,3,65,195
1927,108,2,2025-05-19,1,41,41
1928,169,1,2023-06-03,1,41,41
1929,166,6,2024-06-27,2,28,56
1930,187,5,2024-09-09,1,46,46
1931,10,4,2024-10-28,1,65,65
1932,180,7,2023-10-23,1,58,58
1933,191,5,2023-12-04,1,46,46
1934,192,4,2024-08-15,1,65,65
1935,98,1,2024-12-10,1,41,41
1936,10,1,2024-07-16,3,41,123
1937,298,4,2023-06-17,2,65,130
1938,193,2,2025-04-14,1,41,41
1939,170,8,2023-01-16,2,33,66
1940,292,4,2024-09-19,2,65,130
1941,84,6,2024-06-21,2,28,56
1942,37,2,2024-09-08,2,41,82
1943,84,6,2023-03-24,3,28,84
1944,262,7,2024-12-12,3,58,174
1945,252,5,2024-11-02,1,46,46
1946,24,6,2024-05-04,1,28,28
1947,11,8,2023-12-20,2,33,66
1948,29,6,2025-03-22,3,28,84
1949,262,8,2023-09-07,1,33,33
1950,263,8,2025-06-01,2,33,66
1951,176,8,2024-03-29,1,33,33
1952,9,5,2023-05-01,2,46,92
1953,290,2,2023-04-10,2,41,82
1954,43,1,2023-10-25,2,41,82
1955,53,5,2024-12-09,1,46,46
1956,290,5,2023-05-26,1,46,46
1957,245,3,2024-02-02,2,26,52
1958,192,3,2024-04-27,1,26,26
1959,120,8,2025-06-10,2,33,66
1960,86,8,2023-05-10,1,33,33
1961,37,4,2023-09-09,1,65,65
1962,92,5,2024-01-08,3,46,138
1963,141,5,2025-03-19,1,46,46
1964,80,8,2024-04-28,2,33,66
1965,136,7,2023-04-23,3,58,174
1966,271,8,2023-07-30,2,33,66
1967,35,1,2023-07-26,2,41,82
1968,231,4,2024-08-19,3,65,195
1969,71,4,2024-10-13,2,65,130
1970,32,7,2023-05-03,1,58,58
1971,127,1,2024-04-25,3,41,123
1972,183,7,2025-04-30,3,58,174
1973,254,4,2023-04-15,2,65,130
1974,15,7,2023-02-26,3,58,174
1975,177,2,2024-12-02,2,41,82
1976,75,6,2024-07-14,3,28,84
1977,100,8,2025-03-25,3,33,99
1978,272,6,2023-09-04,3,28,84
1979,8,3,2025-04-22,2,26,52
1980,25,2,2025-01-24,1,41,41
1981,120,1,2025-01-02,3,41,123
1982,28,6,2023-01-14,3,28,84
1983,253,8,2023-08-19,2,33,66
1984,25,8,2024-08-10,2,33,66
1985,248,5,2023-12-03,1,46,46
1986,152,4,2023-11-09,1,65,65
1987,126,5,2024-03-01,2,46,92
1988,238,6,2023-12-20,2,28,56
1989,249,5,2025-06-20,2,46,92
1990,222,6,2023-07-11,1,28,28
1991,43,7,2023-03-22,2,58,116
1992,104,1,2025-06-23,2,41,82
1993,248,2,2023-07-06,3,41,123
1994,176,6,2023-11-29,3,28,84
1995,189,5,2025-03-09,1,46,46
1996,156,7,2023-05-31,1,58,58
1997,243,6,2024-01-24,3,28,84
1998,22,5,2024-02-09,1,46,46
1999,258,5,2024-03-11,1,46,46
2000,66,1,2023-10-16,3,41,123
2001,196,4,2024-08-25,2,65,130
2002,61,2,2024-12-03,3,41,123
2003,98,3,2024-09-01,2,26,52
2004,192,8,2025-05-13,1,33,33
2005,276,3,2023-11-05,3,26,78
2006,199,3,2024-07-06,1,26,26
2007,267,1,2023-02-20,3,41,123
2008,152,2,2024-05-01,1,41,41
2009,253,5,2025-03-28,1,46,46
2010,189,4,2024-07-24,3,65,195
2011,139,7,2024-06-06,1,58,58
2012,112,8,2023-04-26,1,33,33
2013,171,5,2023-10-26,2,46,92
2014,238,6,2023-01-17,1,28,28
2015,242,5,2023-01-17,2,46,92
2016,228,4,2024-10-18,2,65,130
2017,68,1,2024-06-12,3,41,123
2018,282,2,2023-02-01,3,41,123
2019,40,7,2025-06-13,2,58,116
2020,117,6,2023-12-06,2,28,56
2021,92,8,2024-08-12,2,33,66
2022,220,5,2023-04-16,2,46,92
2023,34,4,2023-01-22,2,65,130
2024,12,3,2023-07-19,2,26,52
2025,46,5,2023-04-17,2,46,92
2026,110,6,2023-07-25,1,28,28
2027,79,6,2025-05-22,1,28,28
2028,168,6,2023-12-06,2,28,56
2029,285,5,2023-05-02,1,46,46
2030,13,6,2023-01-26,2,28,56
2031,32,4,2024-06-26,2,65,130
2032,212,7,2023-10-03,2,58,116
2033,135,7,2023-12-30,1,58,58
2034,286,1,2025-04-19,3,41,123
2035,250,7,2024-07-07,2,58,116
2036,28,1,2024-12-31,2,41,82
2037,182,3,2023-07-23,3,26,78
2038,255,2,2024-03-30,1,41,41
2039,117,1,2024-03-18,2,41,82
2040,261,6,2023-01-09,3,28,84
2041,292,1,2023-12-25,3,41,123
2042,73,3,2023-12-24,3,26,78
2043,261,4,2024-04-22,3,65,195
2044,247,7,2024-09-16,1,58,58
2045,137,3,2023-01-12,1,26,26
2046,111,3,2023-05-18,1,26,26
2047,188,4,2024-01-13,3,65,195
2048,17,6,2023-02-26,2,28,56
2049,90,3,2025-04-21,2,26,52
2050,38,7,2024-12-16,2,58,116
2051,83,3,2023-05-14,1,26,26
2052,286,3,2023-02-27,1,26,26
2053,289,6,2024-07-03,3,28,84
2054,20,8,2024-11-28,3,33,99
2055,224,4,2023-05-01,2,65,130
2056,98,8,2024-07-27,2,33,66
2057,14,5,2023-12-10,2,46,92
2058,70,8,2024-09-11,2,33,66
2059,84,4,2024-02-24,2,65,130
2060,253,8,2023-01-31,1,33,33
2061,125,5,2024-10-05,1,46,46
2062,129,2,2023-02-09,3,41,123
2063,178,8,2023-01-26,3,33,99
2064,42,7,2024-08-09,2,58,116
2065,9,8,2025-01-23,1,33,33
2066,135,1,2023-08-27,2,41,82
2067,55,8,2023-12-11,2,33,66
2068,16,8,2024-08-09,2,33,66
2069,84,8,2024-05-19,1,33,33
2070,123,4,2025-04-27,2,65,130
2071,127,4,2023-12-08,3,65,195
2072,277,7,2023-03-27,2,58,116
2073,216,1,2024-01-22,1,41,41
2074,286,5,2025-01-21,3,46,138
2075,139,5,2023-09-05,1,46,46
2076,11,3,2023-10-23,3,26,78
2077,52,8,2023-07-07,3,33,99
2078,30,1,2025-01-28,1,41,41
2079,173,8,2023-04-21,1,33,33
2080,127,7,2023-03-12,3,58,174
2081,183,7,2023-11-05,1,58,58
2082,214,2,2023-08-30,1,41,41
2083,254,2,2024-06-20,3,41,123
2084,124,7,2024-03-25,1,58,58
2085,92,7,2024-10-25,1,58,58
2086,224,2,2023-10-20,2,41,82
2087,35,7,2025-06-21,2,58,116
2088,143,2,2024-03-09,1,41,41
2089,208,2,2023-08-27,1,41,41
2090,23,6,2025-03-10,3,28,84
2091,142,3,2024-01-24,3,26,78
2092,252,1,2024-09-11,3,41,123
2093,265,3,2023-04-20,3,26,78
2094,130,3,2024-12-10,1,26,26
2095,290,4,2023-09-13,1,65,65
2096,300,8,2023-08-23,3,33,99
2097,195,3,2025-02-05,2,26,52
2098,96,8,2023-03-11,3,33,99
2099,121,3,2024-02-16,2,26,52
2100,124,6,2023-10-07,1,28,28
2101,165,3,2024-12-17,2,26,52
2102,257,4,2025-03-21,1,65,65
2103,83,5,2025-06-14,3,46,138
2104,125,1,2024-08-31,3,41,123
2105,267,7,2025-02-04,3,58,174
2106,164,2,2024-08-20,2,41,82
2107,219,7,2024-01-17,3,58,174
2108,31,6,2023-08-03,1,28,28
2109,87,3,2023-04-09,3,26,78
2110,295,6,2023-03-17,3,28,84
2111,192,2,2023-09-17,1,41,41
2112,79,8,2023-01-09,1,33,33
2113,282,4,2024-12-21,2,65,130
2114,150,5,2023-04-02,1,46,46
2115,290,1,2024-06-22,3,41,123
2116,151,8,2024-06-24,2,33,66
2117,243,3,2025-02-26,1,26,26
2118,169,7,2023-08-16,1,58,58
2119,282,1,2024-11-10,3,41,123
2120,267,3,2024-07-02,2,26,52
2121,267,6,2023-12-27,3,28,84
2122,162,8,2024-01-09,2,33,66
2123,154,1,2023-09-26,1,41,41
2124,100,7,2025-03-10,3,58,174
2125,231,7,2024-04-13,3,58,174
2126,11,4,2023-11-12,3,65,195
2127,51,1,2024-11-05,2,41,82
2128,125,3,2024-06-15,3,26,78
2129,190,5,2024-02-01,3,46,138
2130,85,3,2023-12-01,1,26,26
2131,85,7,2024-08-04,1,58,58
2132,61,3,2024-10-23,3,26,78
2133,14,4,2023-10-26,1,65,65
2134,268,3,2024-12-22,1,26,26
2135,130,4,2024-06-26,3,65,195
2136,193,2,2024-12-31,3,41,123
2137,152,2,2023-02-18,2,41,82
2138,138,5,2025-01-30,1,46,46
2139,208,4,2023-09-03,2,65,130
2140,180,3,2023-08-09,1,26,26
2141,74,2,2024-09-18,1,41,41
2142,249,5,2023-07-21,1,46,46
2143,287,6,2023-09-04,1,28,28
2144,298,1,2024-01-04,2,41,82
2145,232,5,2023-01-14,1,46,46
2146,66,7,2023-10-22,3,58,174
2147,165,8,2023-12-26,1,33,33
2148,254,6,2023-08-27,2,28,56
2149,119,4,2023-01-30,1,65,65
2150,238,5,2025-02-10,3,46,138
2151,39,5,2024-08-02,3,46,138
2152,103,7,2023-04-17,2,58,116
2153,66,5,2023-12-13,3,46,138
2154,154,7,2023-03-08,1,58,58
2155,197,4,2025-04-06,1,65,65
2156,186,5,2023-04-01,3,46,138
2157,272,3,2024-05-02,1,26,26
2158,243,2,2024-06-20,2,41,82
2159,177,1,2025-03-11,1,41,41
2160,169,4,2023-08-25,2,65,130
2161,243,6,2023-08-27,3,28,84
2162,45,8,2024-04-15,2,33,66
2163,147,7,2025-05-04,1,58,58
2164,210,6,2024-05-19,2,28,56
2165,182,7,2024-01-02,3,58,174
2166,265,7,2024-11-07,1,58,58
2167,40,8,2025-06-20,1,33,33
2168,33,2,2023-06-20,2,41,82
2169,280,4,2025-03-24,2,65,130
2170,96,5,2024-04-08,3,46,138
2171,24,3,2023-06-14,2,26,52
2172,77,1,2024-04-02,2,41,82
2173,276,6,2023-11-06,3,28,84
2174,283,7,2025-01-23,2,58,116
2175,161,2,2023-03-28,2,41,82
2176,62,7,2024-05-07,3,58,174
2177,17,4,2024-03-25,3,65,195
2178,278,3,2023-06-07,2,26,52
2179,237,5,2024-04-07,1,46,46
2180,75,3,2023-09-13,3,26,78
2181,244,8,2024-06-15,3,33,99
2182,47,1,2024-07-19,1,41,41
2183,258,4,2024-01-16,1,65,65
2184,80,2,2024-06-17,2,41,82
2185,232,5,2023-01-06,2,46,92
2186,277,7,2023-02-27,2,58,116
2187,256,4,2023-07-14,1,65,65
2188,113,4,2023-09-18,3,65,195
2189,116,1,2023-08-04,1,41,41
2190,125,6,2024-10-14,1,28,28
2191,77,8,2024-02-20,2,33,66
2192,245,3,2023-03-04,3,26,78
2193,198,2,2023-05-28,2,41,82
2194,297,1,2025-02-09,2,41,82
2195,155,8,2025-05-12,1,33,33
2196,205,1,2024-05-15,3,41,123
2197,1,7,2024-05-30,2,58,116
2198,292,3,2023-09-17,3,26,78
2199,100,4,2025-05-04,3,65,195
2200,187,7,2024-05-23,1,58,58
2201,104,1,2024-03-09,2,41,82
2202,245,3,2024-12-16,2,26,52
2203,100,8,2025-01-02,1,33,33
2204,53,8,2023-07-02,2,33,66
2205,16,2,2024-12-11,1,41,41
2206,123,3,2023-02-20,1,26,26
2207,191,8,2023-12-30,3,33,99
2208,286,1,2024-04-25,1,41,41
2209,172,5,2023-12-19,3,46,138
2210,237,1,2024-03-18,2,41,82
2211,171,5,2024-07-21,2,46,92
2212,287,3,2023-11-19,1,26,26
2213,201,3,2025-05-30,3,26,78
2214,68,7,2023-01-13,2,58,116
2215,93,1,2024-08-09,1,41,41
2216,289,2,2023-04-03,2,41,82
2217,54,3,2024-02-27,3,26,78
2218,73,3,2023-04-27,1,26,26
2219,147,6,2023-10-20,3,28,84
2220,275,3,2024-03-21,1,26,26
2221,238,5,2024-06-25,3,46,138
2222,65,5,2024-03-30,3,46,138
2223,104,1,2024-01-10,3,41,123
2224,56,7,2023-01-06,1,58,58
2225,143,2,2024-08-26,2,41,82
2226,8,4,2025-05-25,2,65,130
2227,207,7,2024-05-16,3,58,174
2228,247,3,2024-04-25,3,26,78
2229,160,3,2024-09-25,3,26,78
2230,31,2,2023-09-15,3,41,123
2231,196,6,2023-12-27,2,28,56
2232,104,1,2023-11-10,1,41,41
2233,236,8,2024-08-29,1,33,33
2234,212,2,2025-03-10,2,41,82
2235,100,2,2024-07-06,2,41,82
2236,63,1,2023-10-26,1,41,41
2237,142,6,2025-01-19,2,28,56
2238,96,1,2025-03-25,3,41,123
2239,238,6,2024-10-15,1,28,28
2240,86,8,2024-10-11,3,33,99
2241,58,5,2024-08-29,1,46,46
2242,38,1,2024-02-07,2,41,82
2243,106,6,2024-08-18,2,28,56
2244,111,4,2023-10-13,1,65,65
2245,295,7,2025-04-28,2,58,116
2246,218,3,2023-01-25,3,26,78
2247,213,2,2025-04-30,3,41,123
2248,300,3,2024-01-30,1,26,26
2249,11,8,2025-03-26,3,33,99
2250,53,8,2023-07-28,2,33,66
2251,291,3,2024-08-29,3,26,78
2252,191,3,2024-07-21,1,26,26
2253,39,3,2025-03-06,2,26,52
2254,8,7,2023-01-01,2,58,116
2255,268,4,2025-02-28,2,65,130
2256,92,2,2023-07-01,1,41,41
2257,288,6,2023-01-23,3,28,84
2258,281,2,2025-05-17,2,41,82
2259,51,2,2024-07-14,1,41,41
2260,177,2,2024-08-10,2,41,82
2261,285,2,2024-02-25,1,41,41
2262,254,2,2023-02-14,1,41,41
2263,12,6,2024-08-10,3,28,84
2264,212,5,2023-01-16,2,46,92
2265,80,2,2024-02-19,2,41,82
2266,262,8,2024-02-03,1,33,33
2267,284,3,2025-01-02,3,26,78
2268,3,5,2024-07-28,1,46,46
2269,53,6,2024-09-22,1,28,28
2270,188,6,2024-11-27,1,28,28
2271,277,3,2024-11-11,1,26,26
2272,299,7,2024-10-27,2,58,116
2273,207,5,2023-01-03,1,46,46
2274,219,5,2024-10-18,3,46,138
2275,117,5,2023-04-07,1,46,46
2276,261,5,2024-10-22,1,46,46
2277,88,7,2023-10-15,2,58,116
2278,174,1,2023-06-16,1,41,41
2279,26,5,2023-12-02,3,46,138
2280,13,1,2023-10-04,3,41,123
2281,76,1,2024-03-31,2,41,82
2282,154,2,2024-05-23,1,41,41
2283,229,4,2023-05-30,1,65,65
2284,2,1,2023-04-14,3,41,123
2285,285,2,2023-10-25,2,41,82
2286,194,1,2025-02-07,1,41,41
2287,249,2,2025-06-20,2,41,82
2288,100,8,2024-07-13,1,33,33
2289,271,5,2025-02-28,2,46,92
2290,60,8,2024-03-22,2,33,66
2291,147,8,2023-11-09,3,33,99
2292,243,5,2025-01-08,2,46,92
2293,237,2,2023-06-27,1,41,41
2294,138,1,2024-01-31,2,41,82
2295,1,7,2024-05-30,1,58,58
2296,272,7,2024-12-29,3,58,174
2297,185,5,2024-09-28,2,46,92
2298,215,6,2025-03-13,2,28,56
2299,9,6,2025-04-30,3,28,84
2300,4,3,2025-03-20,3,26,78
2301,21,4,2025-01-03,3,65,195
2302,260,7,2025-02-05,1,58,58
2303,221,7,2025-01-07,3,58,174
2304,137,6,2024-01-04,3,28,84
2305,297,2,2024-10-10,2,41,82
2306,126,4,2023-05-07,3,65,195
2307,197,4,2024-07-24,3,65,195
2308,289,5,2024-11-27,1,46,46
2309,63,5,2024-11-23,2,46,92
2310,236,4,2023-04-23,1,65,65
2311,292,8,2023-07-18,2,33,66
2312,153,1,2024-03-07,1,41,41
2313,31,1,2023-10-16,1,41,41
2314,185,3,2023-01-22,1,26,26
2315,236,2,2024-11-18,2,41,82
2316,295,6,2024-02-16,3,28,84
2317,59,4,2023-08-24,3,65,195
2318,224,3,2024-07-05,2,26,52
2319,8,1,2023-05-04,1,41,41
2320,21,8,2024-05-09,1,33,33
2321,196,5,2023-11-06,1,46,46
2322,246,2,2023-05-09,2,41,82
2323,171,4,2023-06-13,2,65,130
2324,120,5,2025-03-14,1,46,46
2325,254,6,2025-03-23,3,28,84
2326,252,6,2023-11-16,3,28,84
2327,179,2,2024-06-29,3,41,123
2328,161,2,2023-03-17,2,41,82
2329,217,5,2023-11-02,1,46,46
2330,43,2,2023-06-03,3,41,123
2331,23,7,2024-02-09,1,58,58
2332,184,6,2023-08-08,1,28,28
2333,177,7,2025-06-03,3,58,174
2334,270,5,2024-08-09,3,46,138
2335,290,8,2025-03-21,1,33,33
2336,164,1,2023-04-18,3,41,123
2337,89,5,2025-05-17,3,46,138
2338,141,3,2024-07-25,1,26,26
2339,233,7,2024-07-01,3,58,174
2340,44,6,2024-04-04,1,28,28
2341,207,3,2024-11-15,2,26,52
2342,187,1,2024-09-25,2,41,82
2343,239,5,2024-05-10,2,46,92
2344,132,4,2024-06-26,3,65,195
2345,140,4,2024-05-26,3,65,195
2346,71,1,2024-05-07,2,41,82
2347,26,7,2023-04-05,2,58,116
2348,32,5,2024-03-11,2,46,92
2349,17,7,2025-05-12,1,58,58
2350,24,1,2024-08-18,1,41,41
2351,128,6,2025-06-19,2,28,56
2352,61,5,2023-11-29,3,46,138
2353,272,5,2023-12-30,2,46,92
2354,177,1,2024-08-18,3,41,123
2355,277,5,2023-01-16,3,46,138
2356,287,8,2024-10-10,2,33,66
2357,271,4,2023-03-08,2,65,130
2358,30,2,2024-01-10,2,41,82
2359,252,4,2024-06-11,1,65,65
2360,166,5,2025-05-04,1,46,46
2361,161,7,2024-11-24,1,58,58
2362,51,1,2024-11-22,1,41,41
2363,12,2,2024-09-13,2,41,82
2364,116,3,2023-03-15,2,26,52
2365,264,5,2023-11-03,3,46,138
2366,2,2,2023-08-26,3,41,123
2367,103,6,2024-12-10,3,28,84
2368,124,6,2024-06-02,3,28,84
2369,232,5,2025-06-21,1,46,46
2370,73,2,2024-06-19,2,41,82
2371,163,4,2025-05-30,1,65,65
2372,89,7,2025-05-06,1,58,58
2373,169,5,2024-12-14,3,46,138
2374,76,4,2023-05-19,2,65,130
2375,291,8,2024-08-21,2,33,66
2376,245,7,2023-11-27,3,58,174
2377,99,2,2023-05-18,2,41,82
2378,267,4,2023-05-25,2,65,130
2379,73,2,2024-01-23,2,41,82
2380,227,8,2024-06-26,1,33,33
2381,174,4,2024-07-28,2,65,130
2382,63,3,2025-06-19,2,26,52
2383,92,8,2023-07-14,3,33,99
2384,26,8,2025-02-02,3,33,99
2385,195,4,2024-04-03,3,65,195
2386,65,8,2024-10-28,1,33,33
2387,75,3,2023-08-09,1,26,26
2388,297,8,2023-04-17,3,33,99
2389,42,2,2024-07-15,1,41,41
2390,199,5,2025-03-24,2,46,92
2391,20,8,2024-06-10,2,33,66
2392,213,4,2023-04-09,1,65,65
2393,179,8,2024-10-04,2,33,66
2394,88,2,2024-11-20,2,41,82
2395,142,6,2024-07-26,2,28,56
2396,13,3,2025-06-14,3,26,78
2397,137,3,2025-04-24,1,26,26
2398,27,3,2025-01-10,2,26,52
2399,19,2,2023-04-27,2,41,82
2400,280,5,2023-08-10,3,46,138
2401,242,1,2023-06-15,1,41,41
2402,233,4,2024-04-01,3,65,195
2403,29,7,2025-05-21,1,58,58
2404,282,7,2025-01-12,2,58,116
2405,299,4,2024-09-29,2,65,130
2406,75,8,2023-11-10,1,33,33
2407,179,5,2024-09-07,1,46,46
2408,186,2,2024-02-09,2,41,82
2409,200,5,2025-04-30,1,46,46
2410,40,1,2024-06-07,2,41,82
2411,72,7,2023-01-19,1,58,58
2412,251,3,2024-03-02,1,26,26
2413,295,1,2023-09-22,3,41,123
2414,223,2,2024-05-08,3,41,123
2415,231,5,2024-07-09,1,46,46
2416,52,6,2025-06-29,2,28,56
2417,14,5,2024-07-05,3,46,138
2418,242,6,2023-06-25,1,28,28
2419,114,2,2024-07-15,2,41,82
2420,88,6,2023-05-15,3,28,84
2421,76,1,2024-12-06,1,41,41
2422,265,4,2023-01-30,3,65,195
2423,162,8,2025-01-15,3,33,99
2424,120,8,2023-02-11,3,33,99
2425,270,6,2023-03-07,2,28,56
2426,275,4,2023-06-13,3,65,195
2427,30,8,2023-08-19,3,33,99
2428,213,7,2024-04-21,3,58,174
2429,97,7,2024-11-16,2,58,116
2430,22,7,2023-01-16,2,58,116
2431,260,8,2023-03-20,3,33,99
2432,42,8,2024-03-09,2,33,66
2433,184,4,2024-04-26,3,65,195
2434,67,5,2024-05-03,2,46,92
2435,273,7,2023-04-10,3,58,174
2436,159,8,2023-03-16,2,33,66
2437,188,6,2023-03-31,2,28,56
2438,199,7,2023-08-28,3,58,174
2439,122,8,2023-05-13,1,33,33
2440,31,3,2023-12-13,2,26,52
2441,180,2,2024-01-30,1,41,41
2442,202,5,2023-02-03,2,46,92
2443,121,6,2025-02-04,2,28,56
2444,219,3,2024-04-02,3,26,78
2445,261,7,2025-04-22,1,58,58
2446,41,8,2024-05-20,2,33,66
2447,148,7,2024-10-18,1,58,58
2448,288,3,2024-05-19,1,26,26
2449,83,2,2024-10-15,3,41,123
2450,112,7,2023-01-15,3,58,174
2451,130,6,2024-08-14,2,28,56
2452,12,6,2023-10-11,3,28,84
2453,11,4,2024-01-13,3,65,195
2454,187,8,2024-11-03,2,33,66
2455,179,1,2024-10-26,3,41,123
2456,53,3,2025-05-18,3,26,78
2457,102,6,2025-04-26,3,28,84
2458,127,6,2025-06-12,3,28,84
2459,255,2,2024-03-11,3,41,123
2460,99,8,2023-09-17,2,33,66
2461,91,5,2025-06-26,3,46,138
2462,254,4,2024-12-11,3,65,195
2463,292,7,2023-12-13,2,58,116
2464,86,5,2024-04-29,1,46,46
2465,15,6,2024-12-10,2,28,56
2466,121,4,2023-09-30,2,65,130
2467,289,7,2023-10-16,1,58,58
2468,8,3,2025-01-09,1,26,26
2469,177,3,2025-04-09,1,26,26
2470,27,8,2024-07-30,2,33,66
2471,39,1,2023-04-17,1,41,41
2472,274,7,2024-03-31,3,58,174
2473,91,1,2025-02-11,3,41,123
2474,128,7,2024-08-03,3,58,174
2475,254,7,2025-05-17,1,58,58
2476,106,2,2023-02-20,1,41,41
2477,237,6,2023-12-02,3,28,84
2478,76,7,2023-12-03,1,58,58
2479,150,6,2023-07-09,3,28,84
2480,294,4,2025-04-04,3,65,195
2481,182,2,2023-12-26,2,41,82
2482,53,8,2024-12-10,1,33,33
2483,158,6,2023-01-16,1,28,28
2484,226,6,2023-11-29,3,28,84
2485,62,6,2023-08-20,3,28,84
2486,216,1,2024-12-04,1,41,41
2487,165,6,2024-07-08,1,28,28
2488,35,5,2023-05-24,2,46,92
2489,197,2,2025-02-09,2,41,82
2490,290,2,2024-10-31,1,41,41
2491,155,4,2023-07-09,3,65,195
2492,247,6,2024-11-21,3,28,84
2493,188,8,2024-08-29,2,33,66
2494,15,6,2023-07-25,1,28,28
2495,33,1,2023-07-06,1,41,41
2496,58,3,2024-08-21,2,26,52
2497,19,1,2025-02-06,3,41,123
2498,29,8,2023-05-23,2,33,66
2499,223,6,2025-05-22,1,28,28
2500,280,2,2024-04-21,3,41,123
